Plant_ID,above_percent_N,above_percent_C,below_percent_N,below_percent_C,Accession,Population,Tray,Ploidy,Treatment,rand_placement_within_tray,Placement,randomized_tray_layout,flow_fresh_tissue_weight,DNA_content,FLOW,flow_ploidy,finalized_ploidy,leaf_1_chlorophyll,leaf_1_fresh_mass,leaf_1_dry_mass,leaf_1_area_cm,leaf_1_area_m,leaf_1_SLA,leaf_1_perimeter_cm,leaf_1_DMC,leaf_2_chlorophyll,leaf_2_fresh_mass,leaf_2_dry_mass,leaf_2_area_cm,leaf_2_area_m,leaf_2_SLA,leaf_2_perimeter,leaf_2_DMC,leaf_3_chlorophyll,leaf_3_fresh_mass,leaf_3_dry_mass,leaf_3_area,leaf_3_area_m,leaf_3_SLA,leaf_3_perimeter,leaf_3_DMC,avg_leaf_dry_mass,avg_chlorophyll,log_avg_chlorophyll,avg_DMC,arcsine_avg_DMC,est_flo_dry_leaf_weight,avg_SLA,log_avg_SLA,leaf_curl,whorled_leaf,tick_stem,thick_leaf,Sum,aboveground_dry_mass,total_aboveground_biomass,belowground_dry_mass,total_biomass_g,log_Total_biomass_g,total_biomass_avg_ploidy,total_biomass_SD_ploidy,total_biomass_N_ploidy,root_to_shoot_raio,rootshoot_avg_ploidy,rootshoot_SD_ploidy,rootshoot_N_ploidy,rhizome_weight,fine_roots_weight,Died,normalized_aboveground_mass,arcsine_normalized_aboveground_mass,normal_above_mass_avg_ploidy,normal_above_mass_SD_ploidy,normal_above_mass_N_ploidy,normalized_belowground_mass,arcsine_normal_beloground_mass,normal_below_mass_avg_ploidy,normal_below_mass_SD_ploidy,normal_below_mass_N_ploidy,normalized_rhizome_mass,arcsine_normal_rhizome_mass,normal_rhizome_mass_avg_ploidy,normal_rhizome_mass_SD_ploidy,normal_rhizome_mass_N_ploidy,normalized_fine_roots_mass,arcsine_normal_fine_root_mass,normal_fineroot_mass_avg_ploidy,normal_fineroot_mass_SD_ploidy,normal_fineroot_mass_N_ploidy,normalized_avg_leaf_dry_mass
260,0.359,44.725,0.859,34.892,Cheney2-2018,Cheney,24,2x,Low,0.517681898,9,NA,NA,NA,,,2x,39.4,0.036,0.0144,1.59,0.0159,1.104166667,5.31,0.4,39.6,0.0313,0.0138,1.45,0.0145,1.050724638,5.13,0.440894569,NA,NA,NA,NA,NA,NA,NA,NA,0.0141,39.5,1.596597096,0.420447285,0.705505926,0.012854338,1.077445653,0.032395373,0,0,0,0,0,0.0743,0.087154338,0.0793,0.166454338,-0.778704882,NA,NA,NA,0.909880126,NA,NA,NA,0.0375,0.0418,0,0.523593071,0.808999998,NA,NA,NA,0.476406929,0.761796328,NA,NA,NA,0.225287009,0.494559622,NA,NA,NA,0.25111992,0.524890985,NA,NA,NA,0.084707916
282,0.496,40.588,0.86,32.965,CheneyA-2018,Cheney,22,2x,Low,0.498207138,10,NA,NA,NA,,,2x,38.6,0.0347,0.0126,1.39,0.0139,1.103174603,4.8,0.363112392,36.6,0.0326,0.0128,1.32,0.0132,1.03125,4.91,0.392638037,NA,NA,NA,NA,NA,NA,NA,NA,0.0127,37.6,1.575187845,0.377875215,0.662025289,0.010705066,1.067212302,0.028250823,0,0,0,0,0,0.0637,0.074405066,0.0782,0.152605066,-0.816431049,NA,NA,NA,1.051003705,NA,NA,NA,0.0472,0.031,0,0.48756616,0.772963042,NA,NA,NA,0.51243384,0.797833285,NA,NA,NA,0.309295106,0.589737717,NA,NA,NA,0.203138735,0.46755959,NA,NA,NA,0.083221353
280,0.733,44.809,0.864,26.815,CheneyA-2018,Cheney,8,2x,Control,0.806393476,18,NA,0.0395,0.9,Y,2X,2x,42.8,0.0758,0.0246,2.85,0.0285,1.158536585,7,0.324538259,45.7,0.0901,0.0333,3.29,0.0329,0.987987988,7.61,0.369589345,NA,NA,NA,NA,NA,NA,NA,NA,0.02895,44.25,1.645913275,0.347063802,0.62997086,NA,1.073262287,0.030705869,0,0,0,0,0,0.2067,0.2067,0.1466,0.3533,-0.451856363,NA,NA,NA,0.709240445,NA,NA,NA,0.0767,0.0699,0,0.585055194,0.870869008,NA,NA,NA,0.414944806,0.699927319,NA,NA,NA,0.217095952,0.484691671,NA,NA,NA,0.197848854,0.460953219,NA,NA,NA,0.081941693
221,0.557,45.46,0.872,40.5,Blue2-2,Blue,17,2x,Low,0.18058548,5,NA,NA,NA,,,2x,43.8,0.0446,0.0144,1.55,0.0155,1.076388889,5.57,0.322869955,41.1,0.0471,0.0146,1.62,0.0162,1.109589041,5.62,0.309978769,NA,NA,NA,NA,NA,NA,NA,NA,0.0145,42.45,1.627877695,0.316424362,0.597425889,0.014216766,1.092988965,0.038615777,0,1,0,0,1,0.093,0.107216766,0.0548,0.162016766,-0.790440041,NA,NA,NA,0.511114092,NA,NA,NA,0.0354,0.0194,0,0.6617634,0.950125353,NA,NA,NA,0.3382366,0.620670974,NA,NA,NA,0.218495906,0.486387568,NA,NA,NA,0.119740694,0.35334244,NA,NA,NA,0.08949691
234,0.634,43.733,0.923,29.978,Blue2-3,Blue,22,2x,Low,0.236722973,7,NA,NA,NA,,,2x,38.1,0.0413,0.0156,1.64,0.0164,1.051282051,5.46,0.377723971,35.6,0.0428,0.0144,1.62,0.0162,1.125,5.67,0.336448598,NA,NA,NA,NA,NA,NA,NA,NA,0.015,36.85,1.566437492,0.357086285,0.640463279,0.009458718,1.088141026,0.036685185,0,0,0,0,0,0.0724,0.081858718,0.0439,0.125758718,-0.900461899,NA,NA,NA,0.536289855,NA,NA,NA,0.0181,0.0258,0,0.650918833,0.938707982,NA,NA,NA,0.349081167,0.632088345,NA,NA,NA,0.143926404,0.389122148,NA,NA,NA,0.205154763,0.470060396,NA,NA,NA,0.119276025
290,NA,NA,0.967,39.3,KB2-2,KB,2,2x,Control,0.76057873,16,0.555451195,0.0615,1.064,Y,2X,2x,44,0.0998,0.0339,3.29,0.0329,0.970501475,8.35,0.339679359,47.5,0.0964,0.0257,2.97,0.0297,1.155642023,7.91,0.26659751,48.8,0.1087,0.0313,3.36,0.0336,1.073482428,8.39,0.287948482,0.0303,46.76666667,1.669936416,0.298075117,0.577537586,0.022782675,1.066541975,0.027977952,0,0,0,0,0,0.135,0.157782675,0.1398,0.297582675,-0.526392357,NA,NA,NA,0.886028837,NA,NA,NA,0.0701,0.0697,0,0.530214587,0.81563117,NA,NA,NA,0.469785413,0.755165157,NA,NA,NA,0.235564789,0.506763631,NA,NA,NA,0.234220625,0.505178275,NA,NA,NA,0.101820444
315,NA,NA,1.009,37.976,Santa-3,Santa,3,2x,Control,0.735297371,12,NA,0.0648,0.794,Y,2X,2x,41.7,0.0611,0.0208,2.43,0.0243,1.168269231,6.92,0.340425532,40.5,0.0609,0.0201,2.37,0.0237,1.179104478,6.6,0.330049261,NA,NA,NA,NA,NA,NA,NA,NA,0.02045,41.1,1.613841822,0.335237397,0.617497839,NA,1.173686855,0.069552241,1,1,1,1,4,0.2335,0.2335,0.2059,0.4394,-0.357139947,NA,NA,NA,0.881798715,NA,NA,NA,0.134,0.0719,0,0.531406463,0.816825315,NA,NA,NA,0.468593537,0.753971011,NA,NA,NA,0.304961311,0.58504035,NA,NA,NA,0.163632226,0.416448227,NA,NA,NA,0.046540737
331,NA,NA,1.01,42.459,Santa4-2018,Santa,23,2x,Low,0.039743225,2,NA,NA,NA,,,2x,35.9,0.0371,0.0121,1.53,0.0153,1.26446281,5.35,0.326145553,33.2,0.0288,0.0091,1.2,0.012,1.318681319,4.65,0.315972222,NA,NA,NA,NA,NA,NA,NA,NA,0.0106,34.55,1.538448052,0.321058888,0.602398707,0.026811954,1.291572065,0.111118643,1,0,0,0,1,0.0633,0.090111954,0.0644,0.154511954,-0.811037915,NA,NA,NA,0.714666558,NA,NA,NA,0.0348,0.0296,0,0.583203769,0.868990804,NA,NA,NA,0.416796231,0.701805523,NA,NA,NA,0.225225292,0.494485754,NA,NA,NA,0.191570938,0.45302587,NA,NA,NA,0.068603106
279,0.658,44.102,1.014,35.582,CheneyA-2018,Cheney,7,2x,Control,0.961027624,19,NA,0.0805,1.094,Y,2X,2x,49.6,0.0966,0.0341,3.33,0.0333,0.976539589,7.88,0.35300207,48.7,0.0886,0.0305,3.16,0.0316,1.036065574,7.62,0.344243792,51.1,0.0778,0.0273,2.79,0.0279,1.021978022,7.39,0.350899743,0.030633333,49.8,1.697229343,0.349381868,0.632403726,0.017666634,1.011527728,0.004977792,1,1,1,1,4,0.1863,0.203966634,0.1488,0.352766634,-0.452512499,NA,NA,NA,0.729531086,NA,NA,NA,0.0816,0.0672,0,0.5781914,0.863911825,NA,NA,NA,0.4218086,0.706884501,NA,NA,NA,0.231314394,0.501739709,NA,NA,NA,0.190494206,0.45165638,NA,NA,NA,0.086837388
313,1.009,44.336,1.023,42.536,Santa-3,Santa,1,2x,Control,0.17556415,5,0.258829483,0.112,0.843,Y,2X,2x,49.7,0.0859,0.032,2.98,0.0298,0.93125,7.93,0.372526193,47.1,0.0821,0.0309,3.05,0.0305,0.987055016,8.11,0.37637028,NA,NA,NA,NA,NA,NA,NA,NA,0.03145,48.4,1.684845362,0.374448237,0.658488093,NA,0.959152508,-0.018112333,0,0,0,0,0,0.2552,0.2552,0.1895,0.4447,-0.351932871,NA,NA,NA,0.742554859,NA,NA,NA,0.0632,0.1263,0,0.573870025,0.859539591,NA,NA,NA,0.426129975,0.711256736,NA,NA,NA,0.142118282,0.38653981,NA,NA,NA,0.284011693,0.562056525,NA,NA,NA,0.070721835
207,0.866,44.645,1.024,40.772,Blue2-1,Blue,7,2x,Control,0.581663316,14,NA,0.0656,1.223,Y,2X,2x,47.4,0.0541,0.0176,2.01,0.0201,1.142045455,6.46,0.325323475,48.9,0.0664,0.0204,2.4,0.024,1.176470588,6.83,0.307228916,51.2,0.0638,0.02,2.33,0.0233,1.165,6.56,0.313479624,0.019333333,49.16666667,1.691670766,0.315344005,0.596263882,0.037553855,1.161172014,0.06489656,1,1,0,0,2,0.1204,0.157953855,0.0784,0.236353855,-0.62643731,NA,NA,NA,0.496347493,NA,NA,NA,0.0391,0.0393,0,0.668293965,0.957043687,NA,NA,NA,0.331706035,0.61375264,NA,NA,NA,0.165429923,0.418872597,NA,NA,NA,0.166276112,0.420010105,NA,NA,NA,0.081798255
235,0.592,43.403,1.041,44.339,Blue2-3,Blue,23,2x,Low,0.07794926,4,NA,NA,NA,,,2x,35.9,0.0297,0.0106,1.28,0.0128,1.20754717,4.81,0.356902357,36.2,0.0344,0.0121,1.38,0.0138,1.140495868,5.14,0.351744186,NA,NA,NA,NA,NA,NA,NA,NA,0.01135,36.05,1.556905269,0.354323272,0.637577478,0.014860246,1.174021519,0.069676057,1,0,0,0,1,0.0901,0.104960246,0.0573,0.162260246,-0.78978787,NA,NA,NA,0.545920977,NA,NA,NA,0.0292,0.0281,0,0.646863595,0.934460014,NA,NA,NA,0.353136405,0.636336313,NA,NA,NA,0.179957819,0.438094132,NA,NA,NA,0.173178586,0.429204197,NA,NA,NA,0.069949358
266,0.781,50.484,1.056,35.209,Cheney7-2018,Cheney,2,2x,Control,0.964151858,18,NA,0.0638,1.148,Y,2X,2x,45.8,0.0726,0.0288,3.06,0.0306,1.0625,7.27,0.396694215,46.4,0.0663,0.024,2.64,0.0264,1.1,6.79,0.36199095,41.2,0.0642,0.0224,2.72,0.0272,1.214285714,6.68,0.348909657,0.025066667,44.46666667,1.648034575,0.369198274,0.653056595,0.02290563,1.125595238,0.051382247,0,0,0,0,0,0.159,0.18190563,0.1711,0.35300563,-0.452218368,NA,NA,NA,0.940597605,NA,NA,NA,0.0962,0.0749,0,0.515305181,0.800705736,NA,NA,NA,0.484694819,0.770090591,NA,NA,NA,0.2725169,0.549231034,NA,NA,NA,0.212177919,0.478702312,NA,NA,NA,0.071009256
291,NA,NA,1.111,42.823,KB2-2,KB,3,2x,Control,0.144172956,3,NA,0.1201,1.329,Y,2X,2x,37,0.1004,0.0366,3.48,0.0348,0.950819672,8.08,0.364541833,41.1,0.1015,0.0345,3.59,0.0359,1.04057971,8.27,0.339901478,NA,NA,NA,NA,NA,NA,NA,NA,0.03555,39.05,1.591621038,0.352221656,0.63537907,NA,0.995699691,-0.001871628,0,1,0,0,1,0.1816,0.1816,0.2095,0.3911,-0.407712184,NA,NA,NA,1.153634361,NA,NA,NA,0.1432,0.0663,0,0.464331373,0.749699214,NA,NA,NA,0.535668627,0.821097113,NA,NA,NA,0.366146766,0.649892251,NA,NA,NA,0.169521861,0.424351982,NA,NA,NA,0.090897469
305,1.135,45.152,1.122,43.31,Santa-1,Santa,21,2x,Low,0.01855472,1,NA,NA,NA,,,2x,43.9,0.0412,0.0109,1.44,0.0144,1.321100917,5.08,0.264563107,43.7,0.0356,0.011,1.31,0.0131,1.190909091,4.87,0.308988764,NA,NA,NA,NA,NA,NA,NA,NA,0.01095,43.8,1.641474111,0.286775936,0.56511702,0.010478924,1.256005004,0.09899137,0,0,1,0,1,0.0424,0.052878924,0.021,0.073878924,-1.131479438,NA,NA,NA,0.397133648,NA,NA,NA,0.0051,0.0159,0,0.715751139,1.008476866,NA,NA,NA,0.284248861,0.562319461,NA,NA,NA,0.069031866,0.265860009,NA,NA,NA,0.215216995,0.482409286,NA,NA,NA,0.148215478
206,NA,NA,1.128,40.728,Blue2-1,Blue,6,2x,Control,0.654164994,14,NA,0.025,NA,,,2x,48.4,0.0958,0.034,3.37,0.0337,0.991176471,8.37,0.354906054,53.7,0.0992,0.0333,3.39,0.0339,1.018018018,8.57,0.335685484,NA,NA,NA,NA,NA,NA,NA,NA,0.03365,51.05,1.707995746,0.345295769,0.62811271,NA,1.004597245,0.001991983,0,0,0,0,0,0.2652,0.2652,0.1675,0.4327,-0.363813105,NA,NA,NA,0.631598793,NA,NA,NA,0.1004,0.0671,0,0.612895771,0.899275906,NA,NA,NA,0.387104229,0.671520421,NA,NA,NA,0.232031431,0.502589478,NA,NA,NA,0.155072799,0.404754205,NA,NA,NA,0.077767506
245,0.526,40.787,1.13,29.176,Blue6-2018,Blue,17,2x,Low,0.012730958,2,NA,NA,NA,,,2x,36.1,0.0151,0.007,0.69,0.0069,0.985714286,3.49,0.463576159,37.1,0.0193,0.0067,0.82,0.0082,1.223880597,3.91,0.347150259,NA,NA,NA,NA,NA,NA,NA,NA,0.00685,36.6,1.563481085,0.405363209,0.690187012,0.009229773,1.104797442,0.04328266,0,1,0,0,1,0.0232,0.032429773,0.0355,0.067929773,-1.167939837,NA,NA,NA,1.094673096,NA,NA,NA,0.0164,0.0191,0,0.477401463,0.762791925,NA,NA,NA,0.522598537,0.808004401,NA,NA,NA,0.241425803,0.513640232,NA,NA,NA,0.281172734,0.558903937,NA,NA,NA,0.100839436
327,0.999,45.123,1.255,42.585,Santa4-2018,Santa,7,2x,Control,0.41572912,10,NA,0.0865,0.854,Y,2X,2x,44.1,0.0686,0.0238,2.54,0.0254,1.067226891,6.86,0.346938776,46.4,0.0538,0.0394,1.97,0.0197,0.5,5.72,NA,48.5,0.0618,0.0219,2.29,0.0229,1.0456621,6.49,0.354368932,0.028366667,46.33333333,1.665893546,0.350653854,0.633737114,0.046728947,0.870962997,-0.060000296,1,1,1,1,4,0.1174,0.164128947,0.0946,0.258728947,-0.587154979,NA,NA,NA,0.576376086,NA,NA,NA,0.0455,0.0491,0,0.634366386,0.921436746,NA,NA,NA,0.365633614,0.64935958,NA,NA,NA,0.175859719,0.432736161,NA,NA,NA,0.189773895,0.450738568,NA,NA,NA,0.109638552
295,1.075,45.104,1.341,45.087,KB2-2,KB,19,2x,Low,0.781535485,16,NA,NA,NA,,,2x,41.7,0.0375,0.0104,1.4,0.014,1.346153846,4.99,0.277333333,NA,0.0368,0.0112,1.37,0.0137,1.223214286,4.97,0.304347826,NA,NA,NA,NA,NA,NA,NA,NA,0.0108,41.7,1.620136055,0.29084058,0.569601342,0.021639477,1.284684066,0.108796338,1,0,1,1,3,0.0473,0.068939477,0.0464,0.115339477,-0.938022022,NA,NA,NA,0.673054134,NA,NA,NA,0.0214,0.025,0,0.597709291,0.883740285,NA,NA,NA,0.402290709,0.687056042,NA,NA,NA,0.185539249,0.445315543,NA,NA,NA,0.21675146,0.484273751,NA,NA,NA,0.093636631
267,NA,NA,1.378,46.099,Cheney7-2018,Cheney,3,2x,Control,0.85744506,17,NA,0.1041,NA,,,2x,52.5,0.0753,0.0267,2.6,0.026,0.973782772,6.79,0.354581673,47.6,0.0943,0.0346,3.21,0.0321,0.927745665,7.48,0.366914104,NA,NA,NA,NA,NA,NA,NA,NA,0.03065,50.05,1.699404082,0.360747889,0.644279983,NA,0.950764219,-0.021927171,0,1,1,1,3,0.093,0.093,0.1372,0.2302,-0.637894681,NA,NA,NA,1.475268817,NA,NA,NA,0.085,0.0522,0,0.403996525,0.688794794,NA,NA,NA,0.596003475,0.882001533,NA,NA,NA,0.369244136,0.653104112,NA,NA,NA,0.22675934,0.496319715,NA,NA,NA,0.133145091
236,0.417,42.477,1.405,47.327,Blue2-3,Blue,24,2x,Low,0.444920381,8,NA,NA,NA,,,2x,43.5,0.0333,0.0392,1.2,0.012,NA,4.53,NA,44.7,0.0301,0.0293,1.13,0.0113,NA,4.54,NA,NA,NA,NA,NA,NA,NA,NA,NA,0.03425,44.1,1.644438589,NA,NA,NA,NA,NA,0,0,0,0,0,0.0511,0.0511,0.0369,0.088,-1.055517328,NA,NA,NA,0.722113503,NA,NA,NA,0.0214,0.0155,0,0.580681818,0.866434284,NA,NA,NA,0.419318182,0.704362043,NA,NA,NA,0.243181818,0.51568937,NA,NA,NA,0.176136364,0.433099385,NA,NA,NA,0.389204545
259,0.746,44.718,1.414,41.497,Cheney2-2018,Cheney,23,2x,Low,0.354618473,8,NA,NA,NA,,,2x,41.1,0.0201,0.0069,0.83,0.0083,1.202898551,3.89,0.343283582,39.5,0.0261,0.0088,1.05,0.0105,1.193181818,4.22,0.337164751,NA,NA,NA,NA,NA,NA,NA,NA,0.00785,40.3,1.605305046,0.340224167,0.622770009,0.029919862,1.198040185,0.078471386,1,1,1,1,4,0.0283,0.058219862,0.0188,0.077019862,-1.113397264,NA,NA,NA,0.322913854,NA,NA,NA,0.0078,0.011,0,0.755907119,1.054045795,NA,NA,NA,0.244092881,0.516750532,NA,NA,NA,0.101272578,0.32386556,NA,NA,NA,0.142820303,0.387544044,NA,NA,NA,0.101921761
243,NA,NA,1.434,41.123,Blue6-2018,Blue,3,2x,Control,0.373618732,7,NA,0.1007,NA,,,2x,37.2,0.0643,0.0183,2.33,0.0233,1.273224044,6.58,0.284603421,41.3,0.0641,0.0197,2.52,0.0252,1.279187817,7.07,0.307332293,NA,NA,NA,NA,NA,NA,NA,NA,0.019,39.25,1.593839661,0.295967857,0.575231775,NA,1.276205931,0.105920759,0,1,0,0,1,0.121,0.121,0.137,0.258,-0.588380294,NA,NA,NA,1.132231405,NA,NA,NA,0.0886,0.0484,0,0.468992248,0.754370501,NA,NA,NA,0.531007752,0.816425825,NA,NA,NA,0.343410853,0.626129242,NA,NA,NA,0.187596899,0.447956515,NA,NA,NA,0.073643411
324,1.648,51.534,1.438,31.383,Santa-3,Santa,12,2x,High,0.728307213,12,NA,0.032,1.077,Y,2X,2x,47.3,0.127,0.0378,4.97,0.0497,1.314814815,9.51,0.297637795,49,0.135,0.0402,5.21,0.0521,1.2960199,9.85,0.297777778,51.7,0.1184,0.037,4.64,0.0464,1.254054054,9.47,0.3125,0.038333333,49.33333333,1.693140461,0.302638524,0.582515014,0.008528237,1.288296256,0.110015745,0,1,0,0,1,0.7499,0.758428237,0.4166,1.175028237,0.070048303,NA,NA,NA,0.549293894,NA,NA,NA,0.1731,0.2435,0,0.645455329,0.932987426,NA,NA,NA,0.354544671,0.637808901,NA,NA,NA,0.147315609,0.393926527,NA,NA,NA,0.207229063,0.47262399,NA,NA,NA,0.032623329
254,0.778,45.936,1.477,40.208,Cheney2-2018,Cheney,6,2x,Control,0.574924942,11,NA,0.0129,1.128,Y,2X,2x,47,0.0672,0.0242,2.51,0.0251,1.037190083,6.61,0.360119048,47.3,0.0621,0.0205,2.35,0.0235,1.146341463,6.32,0.330112721,NA,NA,NA,NA,NA,NA,NA,NA,0.02235,47.15,1.673481697,0.345115885,0.627923532,NA,1.091765773,0.038129475,1,1,1,1,4,0.1536,0.1536,0.0801,0.2337,-0.631341288,NA,NA,NA,0.521484375,NA,NA,NA,0.0353,0.0448,0,0.657252888,0.945366146,NA,NA,NA,0.342747112,0.625430181,NA,NA,NA,0.151048353,0.399165299,NA,NA,NA,0.191698759,0.453188249,NA,NA,NA,0.09563543
251,1.223,45.129,1.483,38.438,Blue6-2018,Blue,11,2x,High,0.610364414,13,NA,0.0609,1.104,Y,2X,2x,51.1,0.1619,0.0453,5.39,0.0539,1.189845475,10.72,0.279802347,52.5,0.146,0.0421,4.82,0.0482,1.144893112,9.99,0.288356164,51.6,0.1734,0.0449,5.39,0.0539,1.200445434,9.93,0.25893887,0.0441,51.73333333,1.713770462,0.275699127,0.552798058,0.035054675,1.178394674,0.071290771,1,1,0,0,2,0.7315,0.766554675,0.4177,1.184254675,0.073445108,NA,NA,NA,0.544905685,NA,NA,NA,0.1875,0.2302,0,0.647288705,0.934904802,NA,NA,NA,0.352711295,0.635891525,NA,NA,NA,0.158327431,0.409230839,NA,NA,NA,0.194383864,0.456589846,NA,NA,NA,0.037238612
278,NA,NA,1.504,38.198,CheneyA-2018,Cheney,6,2x,Control,0.717778051,16,NA,0.0125,0.093,Y,2X,2x,45.9,0.0624,0.0228,2.56,0.0256,1.122807018,6.79,0.365384615,48.7,0.0777,0.0281,2.97,0.0297,1.056939502,7.19,0.361647362,NA,NA,NA,NA,NA,NA,NA,NA,0.02545,47.3,1.674861141,0.363515989,0.647159726,NA,1.08987326,0.037375997,0,0,0,0,0,0.1574,0.1574,0.1205,0.2779,-0.556111453,NA,NA,NA,0.765565438,NA,NA,NA,0.0571,0.0634,0,0.566390788,0.851985604,NA,NA,NA,0.433609212,0.718810722,NA,NA,NA,0.205469593,0.470450105,NA,NA,NA,0.228139619,0.4979661,NA,NA,NA,0.091579705
195,NA,NA,1.566,36.95,Blue1-3,Blue,3,2x,Control,0.808055436,14,NA,0.0886,1.06,Y,2X,2x,47.1,0.0596,0.0177,2.26,0.0226,1.276836158,6.47,0.296979866,40.5,0.0553,0.0173,2.18,0.0218,1.260115607,6.4,0.31283906,NA,NA,NA,NA,NA,NA,NA,NA,0.0175,43.8,1.641474111,0.304909463,0.58498404,NA,1.268475883,0.103282215,1,1,1,1,4,0.0934,0.0934,0.0748,0.1682,-0.774174009,NA,NA,NA,0.800856531,NA,NA,NA,0.0537,0.0211,0,0.55529132,0.840802797,NA,NA,NA,0.44470868,0.72999353,NA,NA,NA,0.319262782,0.600473776,NA,NA,NA,0.125445898,0.362040744,NA,NA,NA,0.104042806
271,1.421,46.006,1.566,43.393,Cheney7-2018,Cheney,19,2x,Low,0.689632801,15,NA,NA,NA,,,2x,35.5,NA,0.0087,1.24,0.0124,1.425287356,4.53,NA,39.1,0.0246,0.0083,1.08,0.0108,1.301204819,4.33,0.337398374,NA,NA,NA,NA,NA,NA,NA,NA,0.0085,37.3,1.571708832,0.337398374,0.619784836,0.023017544,1.363246088,0.13457426,0,0,1,1,2,0.0227,0.045717544,0.0304,0.076117544,-1.118515233,NA,NA,NA,0.664952606,NA,NA,NA,0.0123,0.0181,0,0.600617697,0.886707639,NA,NA,NA,0.399382303,0.684088687,NA,NA,NA,0.161592182,0.413684013,NA,NA,NA,0.237790121,0.509381412,NA,NA,NA,0.111669394
228,NA,NA,1.602,30.054,Blue2-2,Blue,12,2x,High,0.4939627,8,NA,0.0711,1.1414,Y,2X,2x,55.7,0.1926,0.0546,6.32,0.0632,1.157509158,11.62,0.283489097,48.8,0.16,0.036,5.69,0.0569,1.580555556,10.65,0.225,57.7,0.2062,0.0548,6.69,0.0669,1.22080292,11.51,0.265761397,0.048466667,54.06666667,1.732929595,0.258083498,0.532883558,0.002891375,1.319622545,0.120449727,0,0,1,0,1,1.0194,1.022291375,0.2118,1.234091375,0.091347317,NA,NA,NA,0.207181636,NA,NA,NA,0.0702,0.1416,0,0.828375755,1.143649616,NA,NA,NA,0.171624245,0.42714671,NA,NA,NA,0.056883956,0.240824668,NA,NA,NA,0.114740288,0.345570343,NA,NA,NA,0.039273159
323,NA,NA,1.608,43.155,Santa-3,Santa,11,2x,High,0.042203707,2,NA,0.0803,1.122,Y,2X,2x,40.6,0.0924,0.0204,3.93,0.0393,1.926470588,8.39,0.220779221,43.6,0.126,0.0316,4.59,0.0459,1.452531646,9.52,0.250793651,40.2,0.1552,0.0412,5.64,0.0564,1.368932039,9.95,0.265463918,0.031066667,41.46666667,1.617699126,0.24567893,0.518594693,0.027105442,1.582644758,0.199383444,0,0,1,1,2,0.887,0.914105442,0.3784,1.292505442,0.11143238,NA,NA,NA,0.413956621,NA,NA,NA,0.1176,0.2608,0,0.707235275,0.99907864,NA,NA,NA,0.292764725,0.571717687,NA,NA,NA,0.090986077,0.306411242,NA,NA,NA,0.201778648,0.465867231,NA,NA,NA,0.024036005
249,1.152,44.402,1.623,36.268,Blue6-2018,Blue,9,2x,High,0.468037818,10,NA,0.0888,1.013,Y,2X,2x,41,0.1913,0.0494,6.85,0.0685,1.386639676,11.08,0.258233142,42.8,0.1676,0.0477,5.57,0.0557,1.167714885,10.77,0.284606205,50.2,0.202,0.0605,6.57,0.0657,1.085950413,11.41,0.29950495,0.052533333,44.66666667,1.649983544,0.280781432,0.55846865,0.021282329,1.213434991,0.084016514,1,1,1,1,4,0.8315,0.852782329,0.3178,1.170582329,0.068401964,NA,NA,NA,0.372662506,NA,NA,NA,0.1224,0.1954,0,0.728511193,1.022720476,NA,NA,NA,0.271488807,0.548075851,NA,NA,NA,0.104563342,0.329280804,NA,NA,NA,0.166925465,0.420881442,NA,NA,NA,0.044877948
202,1.566,45.646,1.627,41.025,Blue1-3,Blue,10,2x,High,0.258035634,6,NA,0.0406,1.078,Y,2X,2x,52.9,0.2759,0.062,8.4,0.084,1.35483871,12.84,0.224719101,50.3,0.211,0.0462,6.43,0.0643,1.391774892,11.11,0.218957346,54.2,0.2677,0.0638,8.5,0.085,1.332288401,12.9,0.238326485,0.057333333,52.46666667,1.719883473,0.227334311,0.497005964,0.015429903,1.359634001,0.133422017,1,1,0,1,3,0.6684,0.683829903,0.2348,0.918629903,-0.036859422,NA,NA,NA,0.343360241,NA,NA,NA,0.0884,0.1464,0,0.744401963,1.040757263,NA,NA,NA,0.255598037,0.530039063,NA,NA,NA,0.096230266,0.315413959,NA,NA,NA,0.159367771,0.410653882,NA,NA,NA,0.062411786
217,0.745,44.55,1.631,40.442,Blue2-2,Blue,1,2x,Control,0.657331889,14,0.548286136,0.074,NA,,,2x,45.2,0.0999,0.035,3.53,0.0353,1.008571429,8.57,0.35035035,43.3,0.1081,0.0343,3.58,0.0358,1.043731778,8.12,0.317298797,NA,NA,NA,NA,NA,NA,NA,NA,0.03465,44.25,1.645913275,0.333824574,0.616000652,NA,1.026151604,0.011211528,0,1,0,0,1,0.2596,0.2596,0.1567,0.4163,-0.380593589,NA,NA,NA,0.603620955,NA,NA,NA,0.1007,0.056,0,0.623588758,0.910281313,NA,NA,NA,0.376411242,0.660515014,NA,NA,NA,0.241892866,0.514185753,NA,NA,NA,0.134518376,0.375531958,NA,NA,NA,0.083233245
262,NA,NA,1.821,38.994,Cheney2-2018,Cheney,14,2x,High,0.740232155,18,NA,0.0519,1.205,Y,2X,2x,42.7,0.1501,0.04,5.97,0.0597,1.4925,10.41,0.266489007,46.4,0.1194,0.0413,5.3,0.053,1.283292978,10.13,0.345896147,NA,NA,0.0495,6.11,0.0611,1.234343434,11.01,NA,0.0436,44.55,1.648847708,0.306192577,0.586376791,0.008632394,1.336712137,0.126037891,0,0,1,0,1,0.7265,0.735132394,0.2989,1.034032394,0.014534144,NA,NA,NA,0.406593428,NA,NA,NA,0.1245,0.1744,0,0.710937489,1.003154337,NA,NA,NA,0.289062511,0.56764199,NA,NA,NA,0.120402417,0.354360335,NA,NA,NA,0.168660093,0.423202443,NA,NA,NA,0.042165023
309,NA,NA,1.823,39.565,Santa-1,Santa,13,2x,High,0.558295154,13,NA,0.0444,1.002,Y,2X,2x,37.4,0.1112,0.0285,4.19,0.0419,1.470175439,8.67,0.256294964,36.2,0.12,0.0301,4.15,0.0415,1.378737542,8.57,0.250833333,NA,NA,0.0323,4.36,0.0436,1.349845201,8.99,NA,0.0303,36.8,1.565847819,0.253564149,0.527704614,0.012958804,1.399586061,0.145999609,0,0,0,0,0,0.6481,0.661058804,0.1502,0.811258804,-0.090840577,NA,NA,NA,0.227211254,NA,NA,NA,0.0409,0.1093,0,0.81485563,1.125988896,NA,NA,NA,0.18514437,0.444807431,NA,NA,NA,0.050415478,0.22646471,NA,NA,NA,0.134728892,0.375840342,NA,NA,NA,0.037349364
227,1.247,44.617,1.836,41.964,Blue2-2,Blue,11,2x,High,0.93291278,16,NA,0.0858,1.108,Y,2X,2x,49.5,0.2057,0.057,5.89,0.0589,1.033333333,11.52,0.277102577,53.6,0.2084,0.0564,6.19,0.0619,1.09751773,11.66,0.270633397,42.1,0.1795,0.05,5.68,0.0568,1.136,10.36,0.278551532,0.054466667,48.4,1.684845362,0.275429169,0.552495955,0.007849802,1.088950354,0.03700808,1,1,0,0,2,0.8678,0.875649802,0.3238,1.199449802,0.078982077,NA,NA,NA,0.369782531,NA,NA,NA,0.101,0.2228,0,0.730042892,1.02444407,NA,NA,NA,0.269957108,0.546352257,NA,NA,NA,0.084205275,0.294416443,NA,NA,NA,0.185751834,0.445588915,NA,NA,NA,0.045409709
222,0.805,44.213,1.894,35.915,Blue2-2,Blue,18,2x,Low,0.080055018,3,NA,NA,NA,,,2x,41,0.0509,0.0165,1.88,0.0188,1.139393939,6.1,0.324165029,40.2,0.0504,0.0137,1.85,0.0185,1.350364964,5.94,0.271825397,NA,NA,NA,NA,NA,NA,NA,NA,0.0151,40.6,1.608526034,0.297995213,0.577450239,0.011429798,1.244879452,0.095127299,0,0,0,0,0,0.087,0.098429798,0.0637,0.162129798,-0.790137158,NA,NA,NA,0.647161747,NA,NA,NA,0.0391,0.0246,0,0.60710492,0.893339574,NA,NA,NA,0.39289508,0.677456753,NA,NA,NA,0.241164798,0.513335226,NA,NA,NA,0.151730282,0.400116577,NA,NA,NA,0.093135255
231,1.294,44.959,1.902,42.019,Blue2-3,Blue,7,2x,Control,0.688917848,16,NA,0.0763,0.887,Y,2X,2x,51.2,0.0976,0.0297,3.49,0.0349,1.175084175,8.56,0.304303279,47.8,0.0866,0.026,3.18,0.0318,1.223076923,8.13,0.300230947,48.3,0.0986,0.0284,3.63,0.0363,1.278169014,8.73,0.288032454,0.028033333,49.1,1.691081492,0.297522227,0.576933058,0.038829158,1.225443371,0.088293247,1,1,1,1,4,0.1111,0.149929158,0.0662,0.216129158,-0.665286638,NA,NA,NA,0.441541865,NA,NA,NA,0.0288,0.0374,0,0.693701671,0.984304821,NA,NA,NA,0.306298329,0.586491506,NA,NA,NA,0.133253654,0.373674962,NA,NA,NA,0.173044675,0.429027227,NA,NA,NA,0.129706391
321,NA,NA,1.902,40.192,Santa-3,Santa,9,2x,High,0.069271868,2,NA,0.1495,1.124,Y,2X,2x,47.1,0.2177,0.0615,7.65,0.0765,1.243902439,11.94,0.282498852,48.2,0.1716,0.0503,6.12,0.0612,1.216699801,11.22,0.293123543,47.8,0.1869,0.0544,6.93,0.0693,1.273897059,11.14,0.291064741,0.0554,47.7,1.678518379,0.288895712,0.567458002,0.01109032,1.2448331,0.095111128,0,1,0,0,1,0.9184,0.92949032,0.3619,1.29139032,0.111057527,NA,NA,NA,0.389353167,NA,NA,NA,0.1475,0.2144,0,0.719759399,1.012929605,NA,NA,NA,0.280240601,0.557866722,NA,NA,NA,0.114217985,0.344750124,NA,NA,NA,0.166022617,0.419669583,NA,NA,NA,0.042899501
213,0.918,44.56,1.923,39.178,Blue2-1,Blue,13,2x,High,0.421809289,10,NA,0.0343,1.172,Y,2X,2x,50.1,0.1563,0.0474,5.43,0.0543,1.14556962,10.67,0.303262956,50.9,0.1293,0.0436,4.64,0.0464,1.064220183,9.74,0.337200309,NA,NA,NA,NA,NA,NA,NA,NA,0.0455,50.5,1.703291378,0.320231633,0.601512472,NA,1.104894902,0.04332097,0,1,0,0,1,0.8123,0.8123,0.2803,1.0926,0.038461196,NA,NA,NA,0.345069556,NA,NA,NA,0.1668,0.1135,0,0.743455977,1.039673564,NA,NA,NA,0.256544023,0.531122763,NA,NA,NA,0.152663372,0.401415381,NA,NA,NA,0.103880652,0.328163647,NA,NA,NA,0.041643785
263,1.24,43.443,1.953,37.293,Cheney2-2018,Cheney,15,2x,High,0.393187902,7,NA,0.0943,1.129,Y,2X,2x,45.8,0.0893,0.0239,3.29,0.0329,1.376569038,7.8,0.267637178,48.4,0.1193,0.0286,3.85,0.0385,1.346153846,8.62,0.239731769,NA,NA,0.0274,3.96,0.0396,1.445255474,8.73,NA,0.026633333,47.1,1.673020907,0.253684474,0.527842891,0.010132743,1.389326119,0.1428042,0,1,1,0,2,0.5798,0.589932743,0.2147,0.804632743,-0.094402299,NA,NA,NA,0.363939792,NA,NA,NA,0.0819,0.1328,0,0.733170192,1.027972784,NA,NA,NA,0.266829808,0.542823543,NA,NA,NA,0.101785567,0.324714801,NA,NA,NA,0.165044241,0.418353361,NA,NA,NA,0.033099987
226,NA,NA,1.96,42.184,Blue2-2,Blue,10,2x,High,0.241663314,4,NA,0.0798,1.121,Y,2X,2x,55.6,0.2425,0.0768,7.31,0.0731,0.951822917,12.32,0.316701031,55.8,0.2426,0.077,7.27,0.0727,0.944155844,12.15,0.317394889,55.1,0.1926,0.0607,6.26,0.0626,1.031301483,10.84,0.315160955,0.0715,55.5,1.744292983,0.316418958,0.597420079,0.012302496,0.975760081,-0.010656953,0,0,0,0,0,0.6728,0.685102496,0.198,0.883102496,-0.053988888,NA,NA,NA,0.289007851,NA,NA,NA,0.1055,0.0925,0,0.775790465,1.077527352,NA,NA,NA,0.224209535,0.493268975,NA,NA,NA,0.119465182,0.352917918,NA,NA,NA,0.104744353,0.329576471,NA,NA,NA,0.080964554
286,NA,NA,2.012,43.119,CheneyA-2018,Cheney,14,2x,High,0.119473557,5,NA,0.0522,1.172,Y,2X,2x,49,0.1439,0.0466,5.29,0.0529,1.135193133,9.91,0.323835997,48.9,0.2319,0.0651,8.08,0.0808,1.241167435,12.37,0.28072445,NA,NA,0.0419,5.13,0.0513,1.224343675,9.61,NA,0.0512,48.95,1.689752696,0.302280224,0.582124983,0.013103856,1.200234748,0.079266196,0,0,1,0,1,1.1191,1.132203856,0.3372,1.469403856,0.167141175,NA,NA,NA,0.297826225,NA,NA,NA,0.15,0.1872,0,0.770519181,1.071233812,NA,NA,NA,0.229480819,0.499562514,NA,NA,NA,0.102082215,0.325205029,NA,NA,NA,0.127398604,0.364978714,NA,NA,NA,0.034844063
269,0.594,45.551,2.079,41.578,Cheney7-2018,Cheney,17,2x,Low,0.563510627,12,NA,NA,NA,,,2x,36.4,0.0453,0.0159,1.84,0.0184,1.157232704,5.67,0.350993377,40.6,0.0426,0.0166,1.86,0.0186,1.120481928,5.86,0.389671362,NA,NA,NA,NA,NA,NA,NA,NA,0.01625,38.5,1.58546073,0.37033237,0.654231238,NA,1.138857316,0.056469316,1,1,1,1,4,0.0701,0.0701,0.0802,0.1503,-0.823041019,NA,NA,NA,1.144079886,NA,NA,NA,0.0344,0.0458,0,0.466400532,0.751773356,NA,NA,NA,0.533599468,0.81902297,NA,NA,NA,0.228875582,0.498842515,NA,NA,NA,0.304723886,0.584782471,NA,NA,NA,0.108117099
298,1.372,43.898,2.116,42.29,KB2-2,KB,10,2x,High,0.899251622,20,NA,0.0673,1.149,Y,2X,2x,52.3,0.1456,0.0377,4.65,0.0465,1.233421751,9.19,0.258928571,49.6,0.127,0.0323,4.64,0.0464,1.436532508,9.22,0.254330709,48.7,0.1249,0.0308,4.49,0.0449,1.457792208,8.89,0.246597278,0.0336,50.2,1.700703717,0.253285519,0.527384329,0.012991684,1.375915489,0.13859176,0,0,0,0,0,0.5394,0.552391684,0.2181,0.770491684,-0.113232044,NA,NA,NA,0.394828536,NA,NA,NA,0.0645,0.1536,0,0.716933999,1.009788903,NA,NA,NA,0.283066001,0.561007424,NA,NA,NA,0.083712779,0.293528506,NA,NA,NA,0.199353222,0.462838645,NA,NA,NA,0.043608517
310,1.895,48.186,2.127,39.693,Santa-1,Santa,14,2x,High,0.559070301,14,NA,0.0464,1.201,Y,2X,2x,44.9,0.1166,0.026,4.35,0.0435,1.673076923,8.67,0.222984563,46.7,0.1017,0.0223,3.95,0.0395,1.771300448,8.4,0.21927237,NA,NA,0.027,4.27,0.0427,1.581481481,9.33,NA,0.0251,45.8,1.660865478,0.221128467,0.489566086,0.027460155,1.675286284,0.224089033,0,0,0,0,0,0.5584,0.585860155,0.1004,0.686260155,-0.163511216,NA,NA,NA,0.171371955,NA,NA,NA,0.0207,0.0797,0,0.853699797,1.178304338,NA,NA,NA,0.146300203,0.392491989,NA,NA,NA,0.030163488,0.174561572,NA,NA,NA,0.116136715,0.34775534,NA,NA,NA,0.036575051
275,1.351,41.003,2.181,43.162,Cheney7-2018,Cheney,11,2x,High,0.242655991,5,NA,0.1096,1.171,Y,2X,2x,51.2,0.1077,0.0282,3.97,0.0397,1.407801418,8.53,0.26183844,48.8,0.1707,0.0477,5.68,0.0568,1.190775681,10.36,0.27943761,46.3,0.1691,0.0528,5.66,0.0566,1.071969697,10.58,0.312241277,0.0429,48.76666667,1.688123071,0.284505776,0.562604215,0.015952603,1.223515599,0.087609511,0,0,1,0,1,0.735,0.750952603,0.235,0.985952603,-0.006143962,NA,NA,NA,0.312935862,NA,NA,NA,0.066,0.169,0,0.761651829,1.060759775,NA,NA,NA,0.238348171,0.510036552,NA,NA,NA,0.066940337,0.26170545,NA,NA,NA,0.171407834,0.426859662,NA,NA,NA,0.043511219
276,NA,NA,2.201,45.458,Cheney7-2018,Cheney,12,2x,High,0.188393934,4,NA,0.0375,1.094,Y,2X,2x,48.7,0.2346,0.0736,8.08,0.0808,1.097826087,12.74,0.31372549,46.8,0.2389,0.0711,8.46,0.0846,1.189873418,13.12,0.297614064,49.6,0.2148,0.0756,7.16,0.0716,0.947089947,11.97,0.351955307,0.073433333,48.36666667,1.684546158,0.321098287,0.6024409,0.018141881,1.078263151,0.032724764,0,0,0,0,0,1.0422,1.060341881,0.2868,1.347141881,0.129413338,NA,NA,NA,0.2704788,NA,NA,NA,0.0971,0.1897,0,0.78710483,1.091217399,NA,NA,NA,0.21289517,0.479578928,NA,NA,NA,0.072078525,0.271808978,NA,NA,NA,0.140816645,0.384672338,NA,NA,NA,0.054510467
252,NA,NA,2.26,44.486,Blue6-2018,Blue,12,2x,High,0.259265204,6,NA,0.0657,1.061,Y,2X,2x,51.8,0.2724,0.0732,8.75,0.0875,1.195355191,12.88,0.268722467,50.4,0.2765,0.0712,9.15,0.0915,1.28511236,13.11,0.257504521,51.2,0.2062,0.0584,6.92,0.0692,1.184931507,12.01,0.283220175,0.0676,51.13333333,1.708704105,0.269815721,0.546193001,0.025934938,1.221799686,0.087000009,1,1,1,1,4,1.1323,1.158234938,0.6104,1.768634938,0.2476382,NA,NA,NA,0.527008796,NA,NA,NA,0.3002,0.3102,0,0.654875075,0.942863287,NA,NA,NA,0.345124925,0.62793304,NA,NA,NA,0.169735423,0.424636499,NA,NA,NA,0.175389501,0.432118266,NA,NA,NA,0.038221568
209,0.964,46.08,NA,NA,Blue2-1,Blue,21,2x,Low,0.40918005,5,NA,NA,NA,,,2x,35.9,0.0196,0.0063,0.86,0.0086,1.365079365,4.2,0.321428571,35.6,0.0251,0.0076,0.97,0.0097,1.276315789,4.24,0.302788845,40.8,0.0236,0.0079,0.96,0.0096,1.215189873,4.31,0.334745763,0.007266667,37.43333333,1.573258502,0.319654393,0.600893719,0.022860453,1.285528342,0.109081656,0,1,1,0,2,0.0447,0.067560453,0.043,0.110560453,-0.956400191,NA,NA,NA,0.636467017,NA,NA,NA,0.0272,0.0158,0,0.611072505,0.897405114,NA,NA,NA,0.388927495,0.673391213,NA,NA,NA,0.246019252,0.518989875,NA,NA,NA,0.142908242,0.387669695,NA,NA,NA,0.065725735
210,0.596,44.423,NA,NA,Blue2-1,Blue,22,2x,Low,0.832029665,17,NA,NA,NA,,,2x,33.2,0.0298,0.0091,1.33,0.0133,1.461538462,5.15,0.305369128,32.8,0.0231,0.0081,1.06,0.0106,1.308641975,4.91,0.350649351,NA,NA,NA,NA,NA,NA,NA,NA,0.0086,33,1.51851394,0.32800924,0.609821214,0.016790077,1.385090219,0.141478062,0,0,0,0,0,0.0617,0.078490077,0.0371,0.115590077,-0.937079447,NA,NA,NA,0.472671214,NA,NA,NA,0.0194,0.0177,0,0.679038193,0.968501591,NA,NA,NA,0.320961807,0.602294736,NA,NA,NA,0.167834476,0.422098929,NA,NA,NA,0.153127331,0.402059972,NA,NA,NA,0.07440085
214,1.353,43.85,NA,NA,Blue2-1,Blue,14,2x,High,0.086523316,3,NA,0.0537,1.245,Y,2X,2x,51.1,0.227,0.0568,7.41,0.0741,1.304577465,12.71,0.250220264,44.8,0.1605,0.0416,6,0.06,1.442307692,11.68,0.259190031,NA,NA,0.0551,7.36,0.0736,1.335753176,12.38,NA,0.051166667,47.95,1.680788612,0.254705148,0.529014982,0.008409643,1.360879444,0.133819654,0,0,0,0,0,0.8234,0.831809643,0.2067,1.038509643,0.016410533,NA,NA,NA,0.248494354,NA,NA,NA,0.0883,0.1184,0,0.800964775,1.10835578,NA,NA,NA,0.199035225,0.462440546,NA,NA,NA,0.085025691,0.295890379,NA,NA,NA,0.114009534,0.344422318,NA,NA,NA,0.049269323
216,1.584,45.166,NA,NA,Blue2-1,Blue,16,2x,High,0.174633997,6,NA,0.1529,1.293,Y,2X,2x,50.7,0.1803,0.0481,6.01,0.0601,1.249480249,11.79,0.266777593,48.1,0.1692,0.0406,5.65,0.0565,1.391625616,10.78,0.239952719,48.3,0.155,0.0393,5.4,0.054,1.374045802,10.93,0.253548387,0.042666667,49.03333333,1.690491418,0.253426233,0.527546094,0.01370902,1.338383889,0.1265807,0,0,0,0,0,0.5268,0.54050902,0.1239,0.66440902,-0.17756448,NA,NA,NA,0.229228367,NA,NA,NA,0.0431,0.0808,0,0.813518486,1.124270003,NA,NA,NA,0.186481514,0.446526323,NA,NA,NA,0.064869679,0.257532565,NA,NA,NA,0.121611835,0.356214505,NA,NA,NA,0.064217471
223,0.669,45.347,NA,NA,Blue2-2,Blue,19,2x,Low,0.480801155,12,NA,NA,NA,,,2x,43,0.0437,0.0135,1.48,0.0148,1.096296296,5.42,0.308924485,45.3,0.0364,0.0122,1.29,0.0129,1.057377049,4.89,0.335164835,NA,NA,NA,NA,NA,NA,NA,NA,0.01285,44.15,1.644930708,0.32204466,0.603453975,0.014115199,1.076836673,0.032149838,0,1,0,0,1,0.0625,0.076615199,0.0395,0.116115199,-0.935110929,NA,NA,NA,0.515563498,NA,NA,NA,0.0231,0.0164,0,0.659820589,0.948073551,NA,NA,NA,0.340179411,0.622722776,NA,NA,NA,0.198940364,0.462321744,NA,NA,NA,0.141239047,0.38527915,NA,NA,NA,0.11066596
242,0.799,46.2,NA,NA,Blue6-2018,Blue,2,2x,Control,0.471569262,11,0.130978275,0.0811,1.343,Y,2X,2x,38.8,0.0634,0.0208,2.43,0.0243,1.168269231,6.99,0.32807571,39.1,0.0658,0.0207,2.49,0.0249,1.202898551,7.11,0.314589666,38.1,0.059,0.0202,2.44,0.0244,1.207920792,7.28,0.342372881,0.020566667,38.66666667,1.587336735,0.328346086,0.610179904,0.022700946,1.193029525,0.076651192,0,0,0,0,0,0.1026,0.125300946,0.2062,0.331500946,-0.479515228,NA,NA,NA,1.645638015,NA,NA,NA,0.1201,0.0861,0,0.377980659,0.662134024,NA,NA,NA,0.622019341,0.908662303,NA,NA,NA,0.362291575,0.645886516,NA,NA,NA,0.259727766,0.534760434,NA,NA,NA,0.062041051
247,1.068,43.864,NA,NA,Blue6-2018,Blue,19,2x,Low,0.373225896,11,NA,NA,NA,,,2x,45.1,0.0499,0.015,1.73,0.0173,1.153333333,5.56,0.300601202,51.8,0.043,0.0143,1.6,0.016,1.118881119,5.26,0.33255814,NA,NA,NA,NA,NA,NA,NA,NA,0.01465,48.45,1.685293781,0.316579671,0.597592848,0.011230452,1.136107226,0.055419322,0,0,0,0,0,0.0674,0.078630452,0.0623,0.140930452,-0.850995155,NA,NA,NA,0.792313899,NA,NA,NA,0.0309,0.0314,0,0.557937982,0.843466593,NA,NA,NA,0.442062018,0.727329734,NA,NA,NA,0.219257084,0.487308011,NA,NA,NA,0.222804934,0.491583164,NA,NA,NA,0.103951983
258,0.631,44.311,NA,NA,Cheney2-2018,Cheney,22,2x,Low,0.54211363,11,NA,NA,NA,,,2x,37.8,0.0299,0.0113,1.22,0.0122,1.079646018,4.67,0.377926421,43.3,0.0369,0.0134,1.45,0.0145,1.082089552,4.97,0.363143631,NA,NA,NA,NA,NA,NA,NA,NA,0.01235,40.55,1.607990859,0.370535026,0.654441061,0.008237299,1.080867785,0.033772573,0,0,0,0,0,0.0363,0.044537299,0.0329,0.077437299,-1.111049804,NA,NA,NA,0.738706674,NA,NA,NA,0.0125,0.0204,0,0.57514014,0.860824047,NA,NA,NA,0.42485986,0.70997228,NA,NA,NA,0.161420919,0.413451317,NA,NA,NA,0.26343894,0.538982529,NA,NA,NA,0.159483868
264,1.249,45.157,NA,NA,Cheney2-2018,Cheney,16,2x,High,0.657237857,11,NA,0.0925,1.154,Y,2X,2x,48.2,0.1245,0.0334,4.1,0.041,1.22754491,8.88,0.268273092,50.8,0.164,0.0441,5.16,0.0516,1.170068027,10.07,0.268902439,47.7,0.1501,0.0399,5.21,0.0521,1.305764411,10.09,0.265822785,0.039133333,48.9,1.689308859,0.267666105,0.543768463,0.011821711,1.234459116,0.091476711,0,1,0,0,1,0.7077,0.719521711,0.2891,1.008621711,0.003728312,NA,NA,NA,0.401794686,NA,NA,NA,0.109,0.1801,0,0.71337123,1.005842022,NA,NA,NA,0.28662877,0.564954305,NA,NA,NA,0.108068267,0.334966342,NA,NA,NA,0.178560503,0.436272663,NA,NA,NA,0.038798821
277,1.36,44.296,NA,NA,CheneyA-2018,Cheney,5,2x,Control,0.536881935,13,NA,0.085,1.123,Y,2X,2x,43.4,0.0755,0.024,2.67,0.0267,1.1125,6.76,0.317880795,44.3,0.0768,0.0239,2.77,0.0277,1.158995816,6.83,0.311197917,37.6,0.0789,0.0218,2.94,0.0294,1.348623853,7.16,0.276299113,0.023233333,41.76666667,1.620829816,0.301792608,0.581593974,0.020686567,1.206706556,0.081601672,0,0,0,0,0,0.091,0.111686567,0.1071,0.218786567,-0.659979346,NA,NA,NA,0.958933584,NA,NA,NA,0.0421,0.065,0,0.51048183,0.795880761,NA,NA,NA,0.48951817,0.774915565,NA,NA,NA,0.192424976,0.454110029,NA,NA,NA,0.297093194,0.576463731,NA,NA,NA,0.106191771
284,0.438,41.38,NA,NA,CheneyA-2018,Cheney,24,2x,Low,0.183408505,5,NA,NA,NA,,,2x,33.5,0.028,0.0109,1.22,0.0122,1.119266055,4.54,0.389285714,33.7,0.0285,0.0103,1.12,0.0112,1.087378641,4.4,0.361403509,NA,NA,NA,NA,NA,NA,NA,NA,0.0106,33.6,1.526339277,0.375344612,0.659413917,0.006145505,1.103322348,0.042702415,0,0,0,0,0,0.0463,0.052445505,0.0462,0.098645505,-1.0059227,NA,NA,NA,0.880914389,NA,NA,NA,0.0255,0.0207,0,0.531656308,0.817075659,NA,NA,NA,0.468343692,0.753720668,NA,NA,NA,0.258501388,0.533360934,NA,NA,NA,0.209842304,0.475840208,NA,NA,NA,0.107455479
61,NA,NA,0.751,35.417,Santa9-2018,Santa,5,2x-G,Control,0.235644127,5,NA,0.056,1.133,Y,2x-G,2x-G,40.8,0.082,0.0253,3.01,0.0301,1.18972332,7.09,0.308536585,48.4,0.0973,0.0351,3.55,0.0355,1.011396011,7.94,0.360739979,46.1,0.0967,0.0322,3.47,0.0347,1.077639752,7.77,0.332988625,0.030866667,45.1,1.654176542,0.334088396,0.616280347,0.00454294,1.092919694,0.038588252,0,0,1,1,2,0.1955,0.20004294,0.2332,0.43324294,-0.363268506,NA,NA,NA,1.165749714,NA,NA,NA,0.1095,0.1237,0,0.461733872,0.747094581,NA,NA,NA,0.538266128,0.823701746,NA,NA,NA,0.25274503,0.526762705,NA,NA,NA,0.285521098,0.5637288,NA,NA,NA,0.071245632
428,0.816,43.871,0.795,28.359,CheneyA-2018,Cheney,24,4x,Low,0.722560223,14,NA,NA,NA,,,2x-G,35.3,0.0303,0.0097,1.4,0.014,1.443298969,4.99,0.320132013,NA,0.0235,0.008,1.19,0.0119,1.4875,4.43,0.340425532,NA,NA,NA,NA,NA,NA,NA,NA,0.00885,35.3,1.547774705,0.330278773,0.612236116,0.013685208,1.465399485,0.165956035,1,1,1,1,4,0.0321,0.045785208,0.0359,0.081685208,-1.087856581,NA,NA,NA,0.784096034,NA,NA,NA,0.0101,0.0258,0,0.560507944,0.846054778,NA,NA,NA,0.439492056,0.724741549,NA,NA,NA,0.123645397,0.359314373,NA,NA,NA,0.315846659,0.596804658,NA,NA,NA,0.108342749
375,NA,NA,0.811,31.568,Blue5-2018,Blue,7,4x,Control,0.964518447,20,NA,0.0682,1.349,Y,2x-G,2x-G,48.8,0.0988,0.031,3.27,0.0327,1.05483871,8,0.313765182,47.7,0.0895,0.0255,2.92,0.0292,1.145098039,7.51,0.284916201,46.9,0.0855,0.026,2.89,0.0289,1.111538462,7.66,0.304093567,0.0275,47.8,1.679427897,0.300924983,0.580648536,0.015088175,1.10382507,0.042900254,0,1,0,0,1,0.126,0.141088175,0.1816,0.322688175,-0.491216949,NA,NA,NA,1.287138345,NA,NA,NA,0.079,0.1026,0,0.437227596,0.722459681,NA,NA,NA,0.562772404,0.848336646,NA,NA,NA,0.244818392,0.517594613,NA,NA,NA,0.317954012,0.599069325,NA,NA,NA,0.085221592
386,0.761,49.315,0.871,40.569,Blue8-2018,Blue,2,4x,Control,0.409631195,10,0.440171538,0.0809,1.352,Y,2x-G,2x-G,48.1,0.0643,0.021,2.22,0.0222,1.057142857,6.54,0.32659409,47.1,0.0666,0.0228,2.26,0.0226,0.99122807,6.78,0.342342342,48.9,0.0707,0.0247,2.51,0.0251,1.016194332,7.32,0.349363508,0.022833333,48.03333333,1.681542726,0.339433313,0.62193516,0.030080969,1.021521753,0.009247619,0,1,1,0,2,0.1325,0.162580969,0.1651,0.327680969,-0.484548781,NA,NA,NA,1.015494009,NA,NA,NA,0.0893,0.0758,0,0.496156275,0.781554401,NA,NA,NA,0.503843725,0.789241926,NA,NA,NA,0.272521167,0.549235826,NA,NA,NA,0.231322558,0.501749389,NA,NA,NA,0.069681596
404,0.776,45.935,0.875,42.777,Cheney2-2018,Cheney,24,4x,Low,0.357037306,7,NA,NA,NA,,,2x-G,38.7,0.0276,0.0093,1.06,0.0106,1.139784946,4.39,0.336956522,38.9,0.0245,0.0069,0.94,0.0094,1.362318841,4.05,0.281632653,NA,NA,NA,NA,NA,NA,NA,NA,0.0081,38.8,1.588831726,0.309294588,0.589737157,0.037592461,1.251051894,0.097275325,1,0,0,0,1,0.0378,0.075392461,0.0551,0.130492461,-0.884414578,NA,NA,NA,0.730842305,NA,NA,NA,0.0272,0.0279,0,0.577753385,0.863468385,NA,NA,NA,0.422246615,0.707327942,NA,NA,NA,0.20844116,0.474117611,NA,NA,NA,0.213805455,0.480689918,NA,NA,NA,0.062072551
182,0.713,45.27,0.93,34.571,Blue19-2018,Blue,6,2x-G,Control,0.20757412,7,NA,0.0075,1.072,Y,2x-G,2x-G,49.4,0.0794,0.0309,3.03,0.0303,0.980582524,7.58,0.389168766,49.8,0.0783,0.0299,2.87,0.0287,0.959866221,7.2,0.381864623,NA,NA,NA,NA,NA,NA,NA,NA,0.0304,49.6,1.695481676,0.385516695,0.669890184,NA,0.970224373,-0.01312782,0,0,0,0,0,0.3031,0.3031,0.138,0.4411,-0.355462942,NA,NA,NA,0.455295282,NA,NA,NA,0.0893,0.0487,0,0.687145772,0.977214497,NA,NA,NA,0.312854228,0.59358183,NA,NA,NA,0.202448424,0.466701165,NA,NA,NA,0.110405804,0.338713209,NA,NA,NA,0.068918613
399,0.696,45.273,0.933,32.834,Cheney2-2018,Cheney,7,4x,Control,0.137941909,5,NA,0.1132,0.798,Y,2x-G,2x-G,45.5,0.0945,0.0328,3.22,0.0322,0.981707317,7.9,0.347089947,48.4,0.0934,0.0336,3.03,0.0303,0.901785714,7.6,0.359743041,49.3,0.0938,0.0324,3.16,0.0316,0.975308642,7.81,0.345415778,0.032933333,47.73333333,1.678821763,0.350749589,0.633837425,0.020525548,0.952933891,-0.020937227,0,0,0,0,0,0.1704,0.190925548,0.1612,0.352125548,-0.453302464,NA,NA,NA,0.84430817,NA,NA,NA,0.0717,0.0895,0,0.542208735,0.827657192,NA,NA,NA,0.457791265,0.743139135,NA,NA,NA,0.203620556,0.468158107,NA,NA,NA,0.254170708,0.528401451,NA,NA,NA,0.093527247
128,NA,NA,0.95,34.069,Santa11-2018,Santa,20,2x-G,Low,0.817616442,16,NA,NA,NA,,,2x-G,38.8,0.0346,0.013,1.46,0.0146,1.123076923,5.13,0.375722543,43.3,0.0376,0.0124,1.47,0.0147,1.185483871,4.91,0.329787234,NA,NA,NA,NA,NA,NA,NA,NA,0.0127,41.05,1.613313161,0.352754889,0.635937143,0.023357389,1.154280397,0.06231132,0,0,0,0,0,0.0615,0.084857389,0.048,0.132857389,-0.876614287,NA,NA,NA,0.565654925,NA,NA,NA,0.0238,0.0242,0,0.638710347,0.925952354,NA,NA,NA,0.361289653,0.644843973,NA,NA,NA,0.179139453,0.437028026,NA,NA,NA,0.1821502,0.440940926,NA,NA,NA,0.095591221
452,0.786,43.434,0.957,42.42,Santa15-2018,Santa,24,4x,Low,0.764419003,16,NA,NA,NA,,,2x-G,35.1,0.0272,0.01,1.16,0.0116,1.16,4.56,0.367647059,38.3,0.0294,0.0111,1.24,0.0124,1.117117117,4.57,0.37755102,NA,NA,NA,NA,NA,NA,NA,NA,0.01055,36.7,1.564666064,0.37259904,0.656576735,0.019728018,1.138558559,0.056355372,0,0,0,0,0,0.0445,0.064228018,0.0332,0.097428018,-1.011316132,NA,NA,NA,0.516908369,NA,NA,NA,0.0137,0.0195,0,0.659235601,0.947456303,NA,NA,NA,0.340764399,0.623340024,NA,NA,NA,0.140616635,0.384384743,NA,NA,NA,0.200147764,0.463832288,NA,NA,NA,0.108285073
183,NA,NA,0.965,38.189,Blue19-2018,Blue,7,2x-G,Control,0.740139245,17,NA,0.0679,NA,,,2x-G,45.9,0.0673,0.0238,2.67,0.0267,1.121848739,7.35,0.353640416,45,0.0744,0.0242,2.73,0.0273,1.128099174,7.22,0.325268817,45.2,0.0792,0.0278,2.92,0.0292,1.050359712,7.82,0.351010101,0.025266667,45.36666667,1.656736871,0.343306445,0.626019299,0.016459151,1.100102542,0.041433168,0,0,0,0,0,0.2257,0.242159151,0.1811,0.423259151,-0.373393644,NA,NA,NA,0.747855281,NA,NA,NA,0.1123,0.0688,0,0.572129747,0.857780462,NA,NA,NA,0.427870253,0.713015864,NA,NA,NA,0.265322084,0.541117602,NA,NA,NA,0.162548169,0.414981094,NA,NA,NA,0.059695501
109,0.967,45.953,0.978,31.892,Santa16-2018,Santa,5,2x-G,Control,0.991862775,20,NA,0.0816,0.915,Y,2x-G,2x-G,45.3,0.1072,0.0346,3.66,0.0366,1.057803468,7.64,0.322761194,44.7,0.109,0.0361,3.59,0.0359,0.994459834,7.53,0.331192661,43.4,0.1079,0.0354,3.83,0.0383,1.081920904,8.04,0.328081557,0.035366667,44.46666667,1.648034575,0.327345137,0.609113768,0.033753975,1.044728069,0.019003263,0,0,0,0,0,0.1563,0.190053975,0.1733,0.363353975,-0.439670084,NA,NA,NA,0.911846227,NA,NA,NA,0.0809,0.0924,0,0.523054619,0.808460959,NA,NA,NA,0.476945381,0.762335367,NA,NA,NA,0.222647901,0.491394457,NA,NA,NA,0.254297479,0.528547021,NA,NA,NA,0.097333921
63,NA,NA,0.999,33.012,Santa9-2018,Santa,7,2x-G,Control,0.20199412,6,NA,0.1058,0.964,Y,2x-G,2x-G,44.6,0.081,0.0249,2.95,0.0295,1.184738956,7.13,0.307407407,48,0.1037,0.0336,3.56,0.0356,1.05952381,7.91,0.324011572,46.6,0.0872,0.0284,3.2,0.032,1.126760563,7.7,0.325688073,0.028966667,46.4,1.666517981,0.319035684,0.600230186,0.008085053,1.123674443,0.050640503,0,0,0,0,0,0.1775,0.185585053,0.1194,0.304985053,-0.515721444,NA,NA,NA,0.643370778,NA,NA,NA,0.0634,0.056,0,0.608505404,0.894773792,NA,NA,NA,0.391494596,0.676022535,NA,NA,NA,0.20787904,0.473425332,NA,NA,NA,0.183615556,0.442836258,NA,NA,NA,0.094977333
352,NA,NA,1.015,36.686,Blue14-2018,Blue,8,4x,Control,0.282806632,5,NA,0.0451,1.036,Y,2x-G,2x-G,47.2,0.1006,0.036,3.45,0.0345,0.958333333,8.61,0.357852883,52.9,0.107,0.0378,3.43,0.0343,0.907407407,8.09,0.353271028,NA,NA,NA,NA,NA,NA,NA,NA,0.0369,50.05,1.699404082,0.355561956,0.63887183,NA,0.93287037,-0.030178701,0,0,0,0,0,0.2345,0.2345,0.2039,0.4384,-0.358129455,NA,NA,NA,0.869509595,NA,NA,NA,0.1075,0.0964,0,0.534899635,0.820326199,NA,NA,NA,0.465100365,0.750470128,NA,NA,NA,0.245209854,0.5180497,NA,NA,NA,0.219890511,0.488073097,NA,NA,NA,0.084169708
85,0.973,45.511,1.052,32.591,Santa17-2018,Santa,5,2x-G,Control,0.810875377,18,NA,0.0887,0.928,Y,2x-G,2x-G,38.1,0.0957,0.0329,3.13,0.0313,0.951367781,7.32,0.343782654,44.6,0.1017,0.0381,3.23,0.0323,0.847769029,7.74,0.374631268,41.8,0.0883,0.0264,3.15,0.0315,1.193181818,7.54,0.298980747,0.032466667,41.5,1.618048097,0.339131556,0.621616492,0.0413369,0.997439543,-0.001113418,0,1,0,0,1,0.1266,0.1679369,0.1141,0.2820369,-0.549694068,NA,NA,NA,0.679421854,NA,NA,NA,0.0556,0.0585,0,0.595443008,0.881430504,NA,NA,NA,0.404556992,0.689365823,NA,NA,NA,0.197137325,0.460059579,NA,NA,NA,0.207419667,0.472859077,NA,NA,NA,0.115114962
449,1.323,44.413,1.063,46.341,Santa15-2018,Santa,21,4x,Low,0.706153776,16,NA,NA,NA,,,2x-G,34.2,0.0216,0.0048,0.84,0.0084,1.75,3.85,0.222222222,38.4,0.0266,0.0068,1.06,0.0106,1.558823529,4.36,0.255639098,36.6,0.0192,0.0053,0.83,0.0083,1.566037736,3.8,0.276041667,0.005633333,36.4,1.561101384,0.251300996,0.525099738,0.004794576,1.624953755,0.210841006,1,1,0,1,3,0.0188,0.023594576,0.0159,0.039494576,-1.403462544,NA,NA,NA,0.673883693,NA,NA,NA,0.0075,0.0084,0,0.597413073,0.883438262,NA,NA,NA,0.402586927,0.687358065,NA,NA,NA,0.189899494,0.450898701,NA,NA,NA,0.212687433,0.479325145,NA,NA,NA,0.142635612
469,0.99,45.285,1.177,39.939,Santa8-2018,Santa,5,4x,Control,0.401221756,10,NA,0.1001,1.031,Y,2x-G,2x-G,41.5,0.0689,0.0211,2.62,0.0262,1.241706161,6.84,0.306240929,42.9,0.086,0.0247,3.17,0.0317,1.28340081,7.49,0.287209302,45.6,0.0781,0.0225,2.95,0.0295,1.311111111,7.38,0.28809219,0.022766667,43.33333333,1.636822098,0.293847474,0.572906796,0.002619419,1.278739361,0.106782033,0,0,1,1,2,0.179,0.181619419,0.1466,0.328219419,-0.483835728,NA,NA,NA,0.807182408,NA,NA,NA,0.0629,0.0837,0,0.553347573,0.838847475,NA,NA,NA,0.446652427,0.731948852,NA,NA,NA,0.191640093,0.453113727,NA,NA,NA,0.255012334,0.529367436,NA,NA,NA,0.069364168
427,0.7,45.22,1.205,43.069,CheneyA-2018,Cheney,23,4x,Low,0.163730994,7,NA,NA,NA,,,2x-G,33.7,0.0468,0.0174,2.11,0.0211,1.212643678,6.16,0.371794872,35.3,0.0407,0.0161,1.85,0.0185,1.149068323,5.7,0.395577396,NA,NA,NA,NA,NA,NA,NA,NA,0.01675,34.5,1.537819095,0.383686134,0.668008829,NA,1.180856001,0.072196941,1,1,0,1,3,0.0443,0.0443,0.0485,0.0928,-1.032452024,NA,NA,NA,1.094808126,NA,NA,NA,0.02,0.0285,0,0.47737069,0.762761121,NA,NA,NA,0.52262931,0.808035206,NA,NA,NA,0.215517241,0.48277448,NA,NA,NA,0.307112069,0.587373847,NA,NA,NA,0.18049569
135,NA,NA,1.208,38.606,Cheney4-2018,Cheney,7,2x-G,Control,0.471325881,12,NA,0.0959,1.215,Y,2x-G,2x-G,44.1,0.1216,0.0463,4.46,0.0446,0.963282937,9.1,0.380756579,41.8,0.1146,0.0415,3.16,0.0316,0.761445783,7.62,0.362129145,38.8,0.0847,0.0329,3.19,0.0319,0.969604863,7.4,0.388429752,0.040233333,41.56666667,1.618745199,0.377105159,0.661231022,0.036983354,0.898111194,-0.046669891,0,0,0,0,0,0.1325,0.169483354,0.1726,0.342083354,-0.465868058,NA,NA,NA,1.018389098,NA,NA,NA,0.0596,0.113,0,0.49544461,0.78084271,NA,NA,NA,0.50455539,0.789953616,NA,NA,NA,0.174226542,0.430587261,NA,NA,NA,0.330328847,0.612289349,NA,NA,NA,0.117612659
760,NA,NA,1.23,43.854,Santa15-2018,Santa,31,4x,Control,NA,NA,NA,0.0204,1.026,Y,2x-G,2x-G,40.2,0.0736,0.0239,2.94,0.0294,1.230125523,7.5,0.324728261,39.7,0.0889,0.027,3.51,0.0351,1.3,7.96,0.303712036,NA,NA,NA,NA,NA,NA,NA,NA,0.02545,39.95,1.601516784,0.314220149,0.595053948,NA,1.265062762,0.102112072,0,1,0,0,1,0.2321,0.2321,0.1055,0.3376,-0.471597562,NA,NA,NA,0.454545455,NA,NA,NA,0.0593,0.0462,0,0.6875,0.977596551,NA,NA,NA,0.3125,0.593199776,NA,NA,NA,0.175651659,0.432462838,NA,NA,NA,0.136848341,0.378933873,NA,NA,NA,0.075385071
390,0.826,44.447,1.231,39.144,Blue8-2018,Blue,18,4x,Low,0.170239404,5,NA,NA,NA,,,2x-G,40.9,0.0205,0.0059,0.82,0.0082,1.389830508,4,0.287804878,41.1,0.0222,0.0075,0.89,0.0089,1.186666667,4.18,0.337837838,NA,NA,NA,NA,NA,NA,NA,NA,0.0067,41,1.612783857,0.312821358,0.593546383,0.009472669,1.288248588,0.109999675,0,0,0,0,0,0.0435,0.052972669,0.0551,0.108072669,-0.966284123,NA,NA,NA,1.04015903,NA,NA,NA,0.0336,0.0215,0,0.490157868,0.775555396,NA,NA,NA,0.509842132,0.795240931,NA,NA,NA,0.310901917,0.591474685,NA,NA,NA,0.198940215,0.462321557,NA,NA,NA,0.061995323
447,1.183,45.477,1.25,39.111,Santa15-2018,Santa,7,4x,Control,0.114960935,2,NA,0.0616,1.042,Y,2x-G,2x-G,39.9,0.063,0.0196,2.61,0.0261,1.331632653,6.93,0.311111111,41.7,0.0573,0.0176,2.35,0.0235,1.335227273,6.75,0.307155323,45.5,0.0601,0.0175,2.45,0.0245,1.4,6.7,0.291181364,0.018233333,42.36666667,1.627024296,0.303149266,0.583070761,0.025652372,1.355619975,0.13213796,0,1,1,0,2,0.1642,0.189852372,0.0877,0.277552372,-0.556655057,NA,NA,NA,0.461937868,NA,NA,NA,0.0399,0.0478,0,0.684023598,0.973852124,NA,NA,NA,0.315976402,0.596944203,NA,NA,NA,0.143756653,0.388880289,NA,NA,NA,0.17221975,0.427935851,NA,NA,NA,0.065693306
341,NA,NA,1.257,39.228,Blue11-2018,Blue,17,4x,Low,0.488131086,9,NA,NA,NA,,,2x-G,33.9,0.0192,0.0063,0.84,0.0084,1.333333333,3.76,0.328125,38.6,0.0177,0.0059,0.79,0.0079,1.338983051,3.66,0.333333333,NA,NA,NA,NA,NA,NA,NA,NA,0.0061,36.25,1.559308011,0.330729167,0.612714856,0.011258248,1.336158192,0.125857879,0,0,0,0,0,0.0392,0.050458248,0.0344,0.084858248,-1.071305939,NA,NA,NA,0.681751772,NA,NA,NA,0.0205,0.0139,0,0.594618074,0.880590254,NA,NA,NA,0.405381926,0.690206073,NA,NA,NA,0.241579345,0.513819606,NA,NA,NA,0.163802581,0.416678425,NA,NA,NA,0.071884586
422,1.175,45.873,1.285,42.084,CheneyA-2018,Cheney,6,4x,Control,0.71183287,15,NA,0.0212,1.116,Y,2x-G,2x-G,47.4,0.0765,0.0293,3.24,0.0324,1.105802048,7.63,0.383006536,52.9,0.0878,0.0323,3.35,0.0335,1.037151703,7.63,0.367881549,NA,NA,NA,NA,NA,NA,NA,NA,0.0308,50.15,1.700270937,0.375444043,0.659516587,NA,1.071476876,0.029982803,0,1,0,0,1,0.2188,0.2188,0.1739,0.3927,-0.405939099,NA,NA,NA,0.794789762,NA,NA,NA,0.0825,0.0914,0,0.557168322,0.842691783,NA,NA,NA,0.442831678,0.728104544,NA,NA,NA,0.210084034,0.476136968,NA,NA,NA,0.232747645,0.503437358,NA,NA,NA,0.078431373
400,NA,NA,1.295,39.073,Cheney2-2018,Cheney,8,4x,Control,0.368249585,8,NA,0.0204,0.997,Y,2x-G,2x-G,57.4,0.1073,0.0448,3.42,0.0342,0.763392857,8.12,0.417520969,53.4,0.1213,0.0476,3.87,0.0387,0.81302521,8.39,0.392415499,NA,NA,NA,NA,NA,NA,NA,NA,0.0462,55.4,1.743509765,0.404968234,0.689784735,NA,0.788209034,-0.103358592,0,0,1,0,1,0.203,0.203,0.1885,0.3915,-0.407268234,NA,NA,NA,0.928571429,NA,NA,NA,0.1131,0.0754,0,0.518518519,0.803920919,NA,NA,NA,0.481481481,0.766875408,NA,NA,NA,0.288888889,0.567450475,NA,NA,NA,0.192592593,0.454322595,NA,NA,NA,0.118007663
374,1.055,45.151,1.296,35.985,Blue5-2018,Blue,6,4x,Control,0.950075793,20,NA,0.0043,1.061,Y,2x-G,2x-G,55.3,0.0867,0.0319,3,0.03,0.940438871,7.87,0.367935409,50.9,0.0621,0.024,2.38,0.0238,0.991666667,7.13,0.38647343,NA,NA,NA,NA,NA,NA,NA,NA,0.02795,53.1,1.725094521,0.37720442,0.661333422,NA,0.966052769,-0.01499915,0,0,0,0,0,0.1865,0.1865,0.1837,0.3702,-0.431563586,NA,NA,NA,0.984986595,NA,NA,NA,0.0876,0.0961,0,0.50378174,0.789179939,NA,NA,NA,0.49621826,0.781616387,NA,NA,NA,0.236628849,0.508016403,NA,NA,NA,0.259589411,0.534602656,NA,NA,NA,0.07549973
96,1.221,45.106,1.31,43.947,Santa17-2018,Santa,16,2x-G,High,0.898711464,19,NA,0.1032,1.15,Y,2x-G,2x-G,48.3,0.1227,0.0334,4.23,0.0423,1.266467066,8.57,0.272208639,47.7,0.1265,0.0345,4.58,0.0458,1.327536232,8.86,0.272727273,46.4,0.1097,0.0277,4.47,0.0447,1.613718412,8.53,0.252506837,0.031866667,47.46666667,1.676388735,0.26581425,0.541674811,0.012163201,1.402573903,0.146925754,1,1,0,1,3,0.9969,1.009063201,0.4791,1.488163201,0.172650561,NA,NA,NA,0.474796821,NA,NA,NA,0.0957,0.3834,0,0.678059503,0.967453818,NA,NA,NA,0.321940497,0.603342509,NA,NA,NA,0.064307463,0.25638891,NA,NA,NA,0.257633034,0.53236869,NA,NA,NA,0.021413422
448,0.87,46.054,1.369,36.215,Santa15-2018,Santa,8,4x,Control,0.529233307,13,NA,0.021,1.059,Y,2x-G,2x-G,41.3,0.0648,0.0222,2.64,0.0264,1.189189189,6.75,0.342592593,45.8,0.0845,0.0274,3.2,0.032,1.167883212,7.55,0.324260355,NA,NA,NA,NA,NA,NA,NA,NA,0.0248,43.55,1.638988159,0.333426474,0.615578496,NA,1.178536201,0.071342927,0,0,0,0,0,0.2378,0.2378,0.138,0.3758,-0.425043224,NA,NA,NA,0.580319596,NA,NA,NA,0.086,0.052,0,0.632783395,0.919794051,NA,NA,NA,0.367216605,0.651002276,NA,NA,NA,0.22884513,0.498806271,NA,NA,NA,0.138371474,0.381144587,NA,NA,NA,0.065992549
744,1.257,52.031,1.399,40.988,Santa5-2018,Santa,31,4x,Control,NA,NA,NA,0.0155,1.072,Y,2x-G,2x-G,44.6,0.0533,0.0176,1.97,0.0197,1.119318182,5.91,0.330206379,NA,0.057,0.0196,2.13,0.0213,1.086734694,6.13,0.343859649,NA,NA,NA,NA,NA,NA,NA,NA,0.0186,44.6,1.649334859,0.337033014,0.619398423,NA,1.103026438,0.042585922,1,1,1,1,4,0.2002,0.2002,0.0624,0.2626,-0.580705278,NA,NA,NA,0.311688312,NA,NA,NA,0.0253,0.0371,0,0.762376238,1.061610319,NA,NA,NA,0.237623762,0.509186008,NA,NA,NA,0.09634425,0.315607162,NA,NA,NA,0.141279513,0.385337242,NA,NA,NA,0.07083016
464,0.858,45.691,1.423,36.657,Santa5-2018,Santa,20,4x,Low,0.221997502,5,NA,NA,NA,,,2x-G,36.3,0.0127,0.0034,0.68,0.0068,2,3.57,0.267716535,42.9,0.0244,0.0083,1.02,0.0102,1.228915663,4.17,0.340163934,NA,NA,NA,NA,NA,NA,NA,NA,0.00585,39.6,1.597695186,0.303940235,0.583930905,0.010471172,1.614457832,0.208026706,0,0,0,0,0,0.0308,0.041271172,0.0178,0.059071172,-1.228624412,NA,NA,NA,0.431293785,NA,NA,NA,0.0065,0.0113,0,0.698668582,0.989704808,NA,NA,NA,0.301331418,0.581091519,NA,NA,NA,0.110036754,0.338123984,NA,NA,NA,0.191294664,0.452674759,NA,NA,NA,0.099033078
385,1.213,50.53,1.453,35.753,Blue8-2018,Blue,1,4x,Control,0.493500013,10,0.608131832,0.0685,NA,,,2x-G,47.7,0.0575,0.0169,2.32,0.0232,1.372781065,6.75,0.293913043,47.3,0.0481,0.0132,1.93,0.0193,1.462121212,5.94,0.274428274,NA,NA,NA,NA,NA,NA,NA,NA,0.01505,47.5,1.67669361,0.284170659,0.56223277,0.010549586,1.417451139,0.151508097,0,0,1,0,1,0.0616,0.072149586,0.0565,0.128649586,-0.890591607,0.340768889,0.090072328,89,0.783095277,0.755396387,0.226118442,89,0.0301,0.0264,0,0.560822528,0.846371703,0.579056251,0.074823618,89,0.439177472,0.724424624,0.420943749,0.074823618,89,0.233968884,0.504881012,0.223965736,0.054425797,89,0.205208589,0.47012704,0.196978013,0.044975674,89,0.116984442
396,1.29,44.971,1.584,39.52,Blue8-2018,Blue,12,4x,High,0.900074974,19,NA,0.04,1.028,Y,2x-G,2x-G,50.4,0.2393,0.0596,7.92,0.0792,1.32885906,12.96,0.249059758,55.2,0.2477,0.0649,7.98,0.0798,1.229583975,13.38,0.262010497,53.3,0.2039,0.0595,7.14,0.0714,1.2,13.22,0.291809711,0.061333333,52.96666667,1.724002643,0.267626655,0.54372391,0.021630677,1.252814345,0.097886718,1,1,1,1,4,1.0223,1.043930677,0.6035,1.647430677,0.216807149,NA,NA,NA,0.578103521,NA,NA,NA,0.1826,0.4209,0,0.633671991,0.920715977,NA,NA,NA,0.366328009,0.65008035,NA,NA,NA,0.110839262,0.339404168,NA,NA,NA,0.255488747,0.529913779,NA,NA,NA,0.03722969
144,NA,NA,1.586,41.122,Cheney4-2018,Cheney,16,2x-G,High,0.862839578,18,NA,0.1077,1.19,Y,2x-G,2x-G,47.7,0.2013,0.0499,6.32,0.0632,1.266533066,11.03,0.247888723,40.6,0.1795,0.0416,6.32,0.0632,1.519230769,10.66,0.231754875,46.5,0.1944,0.0461,6,0.06,1.301518438,11,0.237139918,0.045866667,44.93333333,1.652568637,0.238927839,0.510716513,0.005668112,1.362427424,0.134313377,0,1,0,0,1,0.8136,0.819268112,0.3632,1.182468112,0.072789438,NA,NA,NA,0.443322515,NA,NA,NA,0.1267,0.2365,0,0.69284584,0.983376858,NA,NA,NA,0.30715416,0.587419468,NA,NA,NA,0.107148767,0.333482726,NA,NA,NA,0.200005393,0.46365435,NA,NA,NA,0.038788925
58,1.233,45.935,1.618,42.222,Santa14-2018,Santa,10,2x-G,High,0.560117171,11,NA,0.069,1.114,Y,2x-G,2x-G,44.3,0.1328,0.0359,4.76,0.0476,1.325905292,9.37,0.270331325,51.2,0.1312,0.0372,4.92,0.0492,1.322580645,9.91,0.283536585,47.9,0.135,0.0342,4.83,0.0483,1.412280702,9.43,0.253333333,0.035766667,47.8,1.679427897,0.269067081,0.54534931,0.042564354,1.35358888,0.131486778,0,0,1,0,1,0.6278,0.670364354,0.2053,0.875664354,-0.057662329,NA,NA,NA,0.306251367,NA,NA,NA,0.0638,0.1415,0,0.765549438,1.065346633,NA,NA,NA,0.234450562,0.505449694,NA,NA,NA,0.072858967,0.273314103,NA,NA,NA,0.161591595,0.413683216,NA,NA,NA,0.040845179
179,1.256,44.62,1.632,44.499,Blue2-2018,Blue,11,2x-G,High,0.936158591,17,NA,0.0709,1.142,Y,2x-G,2x-G,64.8,0.2169,0.0632,6.85,0.0685,1.083860759,11.41,0.291378515,58.7,0.2119,0.0627,6.86,0.0686,1.094098884,11.37,0.29589429,57.8,0.2299,0.0689,7.07,0.0707,1.026124819,11.94,0.29969552,0.064933333,60.43333333,1.781276549,0.295656108,0.574890249,0.019261564,1.068028154,0.028582701,0,0,0,0,0,0.9668,0.986061564,0.5036,1.489661564,0.173087612,NA,NA,NA,0.510718619,NA,NA,NA,0.1688,0.3348,0,0.661936636,0.950308447,NA,NA,NA,0.338063364,0.62048788,NA,NA,NA,0.113314329,0.343327162,NA,NA,NA,0.224749036,0.493915489,NA,NA,NA,0.043589319
454,NA,NA,1.867,43.672,Santa15-2018,Santa,14,4x,High,0.086900357,4,NA,0.0533,0.996,Y,2x-G,2x-G,48,0.1461,0.0394,5.19,0.0519,1.317258883,9.71,0.269678303,47.6,0.164,0.0446,5.99,0.0599,1.343049327,10.68,0.27195122,NA,NA,0.0469,6.09,0.0609,1.298507463,10.74,NA,0.043633333,47.8,1.679427897,0.270814762,0.547317737,0.021723383,1.319605224,0.120444026,1,0,0,0,1,0.8828,0.904523383,0.2791,1.183623383,0.073213536,NA,NA,NA,0.308560293,NA,NA,NA,0.1493,0.1298,0,0.764198643,1.063754004,NA,NA,NA,0.235801357,0.507042323,NA,NA,NA,0.126138096,0.363084423,NA,NA,NA,0.109663261,0.337526782,NA,NA,NA,0.036864203
360,1.321,44.104,1.969,44.972,Blue14-2018,Blue,16,4x,High,0.593733897,9,NA,0.0898,1.164,Y,2x-G,2x-G,50.5,0.251,0.0589,7.47,0.0747,1.268251273,12.16,0.234661355,52.8,0.2643,0.0628,7.9,0.079,1.257961783,12.55,0.237608778,50.9,0.265,0.0615,7.71,0.0771,1.253658537,12.62,0.232075472,0.061066667,51.4,1.710963119,0.234781868,0.505840607,0.02461546,1.259957198,0.100355792,1,1,1,1,4,0.8517,0.87631546,0.4928,1.36911546,0.136440075,NA,NA,NA,0.562354566,NA,NA,NA,0.2078,0.285,0,0.640059575,0.927357276,NA,NA,NA,0.359940425,0.64343905,NA,NA,NA,0.151776827,0.400181442,NA,NA,NA,0.208163598,0.473775866,NA,NA,NA,0.044603007
348,1.277,44.1,2.05,42.294,Blue11-2018,Blue,12,4x,High,0.256859485,5,NA,0.0456,1.132,Y,2x-G,2x-G,46.7,0.1897,0.0486,7.11,0.0711,1.462962963,11.54,0.256193991,48,0.2248,0.0595,8.05,0.0805,1.352941176,12.57,0.264679715,48.5,0.2207,0.0596,7.5,0.075,1.258389262,12.41,0.270049841,0.0559,47.73333333,1.678821763,0.263641182,0.539212061,0.009698052,1.3580978,0.132931046,1,1,1,1,4,1.0699,1.079598052,0.4779,1.557498052,0.192427512,NA,NA,NA,0.442664748,NA,NA,NA,0.2271,0.2508,0,0.693161735,0.983719294,NA,NA,NA,0.306838265,0.587077033,NA,NA,NA,0.145810776,0.391799067,NA,NA,NA,0.161027489,0.412916384,NA,NA,NA,0.035890896
772,NA,NA,2.144,42.005,Blue8-2018,Blue,32,4x,High,NA,NA,NA,0.0517,1.226,Y,2x-G,2x-G,45.3,0.2212,0.0509,7.12,0.0712,1.398821218,12.78,0.230108499,48.5,0.2024,0.0501,6.61,0.0661,1.319361277,12.32,0.247529644,NA,NA,0.0447,7.04,0.0704,1.574944072,12.21,NA,0.048566667,46.9,1.671172843,0.238819072,0.51058897,0.017219612,1.431042189,0.155652438,1,1,1,1,4,0.6529,0.670119612,0.3418,1.011919612,0.005146013,NA,NA,NA,0.510058195,NA,NA,NA,0.1754,0.1664,0,0.662226133,0.950614469,NA,NA,NA,0.337773867,0.620181858,NA,NA,NA,0.173333927,0.42940942,NA,NA,NA,0.16443994,0.417538824,NA,NA,NA,0.04799459
465,1.235,44.849,2.198,42.673,Santa5-2018,Santa,9,4x,High,0.917121812,17,NA,0.1065,1.127,Y,2x-G,2x-G,38.8,0.1643,0.04,5.27,0.0527,1.3175,10.11,0.243457091,44.8,0.1454,0.0346,4.53,0.0453,1.309248555,10,0.237964237,40.2,0.1748,0.0469,5.77,0.0577,1.230277186,10.61,0.268306636,0.0405,41.26666667,1.61559939,0.249909321,0.523494062,0.017766847,1.285675247,0.109131283,0,1,0,0,1,0.831,0.848766847,0.2687,1.117466847,0.048234647,NA,NA,NA,0.316576927,NA,NA,NA,0.1069,0.1618,0,0.759545439,1.058291642,NA,NA,NA,0.240454561,0.512504685,NA,NA,NA,0.095662793,0.314450565,NA,NA,NA,0.144791768,0.390353271,NA,NA,NA,0.036242686
71,1.301,43.777,2.248,39.981,Santa9-2018,Santa,15,2x-G,High,0.673254161,14,NA,0.1041,1.234,Y,2x-G,2x-G,33.2,0.1016,0.0285,4.15,0.0415,1.456140351,9.55,0.280511811,35.8,0.1156,0.031,3.9,0.039,1.258064516,8.63,0.26816609,NA,NA,0.0318,4.58,0.0458,1.440251572,9.47,NA,0.030433333,34.5,1.537819095,0.274338951,0.551274985,0.010436448,1.384818813,0.141392955,0,1,0,0,1,0.6403,0.650736448,0.285,0.935736448,-0.028846454,NA,NA,NA,0.437965325,NA,NA,NA,0.1416,0.1434,0,0.695427061,0.986177837,NA,NA,NA,0.304572939,0.58461849,NA,NA,NA,0.15132466,0.399550954,NA,NA,NA,0.153248279,0.402227877,NA,NA,NA,0.032523402
771,NA,NA,2.297,41.2,Cheney2-2018,Cheney,32,4x,High,NA,NA,NA,0.0454,1.076,Y,2x-G,2x-G,39.7,0.1749,0.0536,6.24,0.0624,1.164179104,10.85,0.306460835,45.7,0.1803,0.0582,6.36,0.0636,1.092783505,10.85,0.322795341,NA,NA,0.0623,7.56,0.0756,1.213483146,11.47,NA,0.058033333,42.7,1.630427875,0.314628088,0.595493267,0.045032357,1.156815252,0.063264006,1,1,1,1,4,0.6684,0.713432357,0.2611,0.974532357,-0.011203737,NA,NA,NA,0.365977233,NA,NA,NA,0.1222,0.1389,0,0.732076623,1.026737365,NA,NA,NA,0.267923377,0.544058962,NA,NA,NA,0.125393476,0.361961603,NA,NA,NA,0.142529901,0.387128877,NA,NA,NA,0.059549929
418,1.316,45.166,2.304,40.942,Cheney3-2018,Cheney,10,4x,High,0.248736423,5,NA,0.0396,1.129,Y,2x-G,2x-G,48.4,0.1232,0.0424,4.48,0.0448,1.056603774,8.99,0.344155844,44.4,0.1279,0.0352,5.61,0.0561,1.59375,9.84,0.275215012,41.5,0.0997,0.0313,4.02,0.0402,1.284345048,8.53,0.313941825,0.0363,44.76666667,1.650954758,0.311104227,0.591693208,0.014604609,1.311566274,0.117790241,0,1,0,0,1,0.834,0.848604609,0.1782,1.026804609,0.011487809,NA,NA,NA,0.209991789,NA,NA,NA,0.053,0.1252,0,0.826451889,1.141104064,NA,NA,NA,0.173548111,0.429692262,NA,NA,NA,0.051616441,0.229193841,NA,NA,NA,0.121931669,0.356703515,NA,NA,NA,0.035352393
119,NA,NA,2.343,44.502,Santa16-2018,Santa,15,2x-G,High,0.031761179,1,NA,0.0571,1.088,Y,2x-G,2x-G,51.8,0.1653,0.0382,5.28,0.0528,1.382198953,10.08,0.231094979,52.7,0.1384,0.0347,4.89,0.0489,1.409221902,9.49,0.250722543,NA,NA,0.0285,4.27,0.0427,1.498245614,9.37,NA,0.0338,52.25,1.718086295,0.240908761,0.513035916,0.031375455,1.429888823,0.155302271,0,0,0,0,0,0.6851,0.716475455,0.1778,0.894275455,-0.048528689,NA,NA,NA,0.248159234,NA,NA,NA,0.0626,0.1152,0,0.801179828,1.10862514,NA,NA,NA,0.198820172,0.462171187,NA,NA,NA,0.070000803,0.267764901,NA,NA,NA,0.128819369,0.367104271,NA,NA,NA,0.037795961
429,NA,NA,2.391,44.066,CheneyA-2018,Cheney,13,4x,High,0.422671484,12,NA,0.0386,1.115,Y,2x-G,2x-G,38,0.1629,0.0439,5.31,0.0531,1.209567198,9.5,0.269490485,31.9,0.1475,0.0426,5.12,0.0512,1.201877934,9.63,0.288813559,NA,NA,NA,NA,NA,NA,NA,NA,0.04325,34.95,1.54344718,0.279152022,0.55665409,NA,1.205722566,0.081247389,0,0,0,0,0,0.4681,0.4681,0.2171,0.6852,-0.164182646,NA,NA,NA,0.463789789,NA,NA,NA,0.1175,0.0996,0,0.683158202,0.972921739,NA,NA,NA,0.316841798,0.597874587,NA,NA,NA,0.171482779,0.426959086,NA,NA,NA,0.145359019,0.391158621,NA,NA,NA,0.063120257
774,NA,NA,2.713,41.529,CheneyA-2018,Cheney,32,4x,High,NA,NA,NA,0.0501,1.189,Y,2x-G,2x-G,50.4,0.1223,0.0303,4.36,0.0436,1.438943894,8.65,0.247751431,48.7,0.1319,0.0321,4.59,0.0459,1.429906542,8.71,0.243366187,NA,NA,0.0371,5.04,0.0504,1.358490566,9.44,NA,0.033166667,49.55,1.695043659,0.245558809,0.518455165,0.009161746,1.409113667,0.148946027,0,0,0,1,1,0.3785,0.387661746,0.1286,0.516261746,-0.287130054,NA,NA,NA,0.3317325,NA,NA,NA,0.0373,0.0913,0,0.750901551,1.0482392,NA,NA,NA,0.249098449,0.522557127,NA,NA,NA,0.072250172,0.272140651,NA,NA,NA,0.176848276,0.434033069,NA,NA,NA,0.064243898
754,1.197,51.111,2.948,59.29,Santa5-2018,Santa,31,4x,Control,NA,NA,NA,0.0137,1.08,Y,2x-G,2x-G,45.1,0.0757,0.0271,2.72,0.0272,1.003690037,6.98,0.357992074,50.1,0.0977,0.0324,3.53,0.0353,1.089506173,7.85,0.331627431,NA,NA,NA,NA,NA,NA,NA,NA,0.02975,47.6,1.677606953,0.344809753,0.627601529,NA,1.046598105,0.019779944,0,0,0,0,0,0.1429,0.1429,0.0694,0.2123,-0.673050006,NA,NA,NA,0.485654304,NA,NA,NA,0.0338,0.0356,0,0.673104098,0.962161323,NA,NA,NA,0.326895902,0.608635004,NA,NA,NA,0.159208667,0.410436494,NA,NA,NA,0.167687235,0.4219019,NA,NA,NA,0.140131889
60,1.7,46.736,NA,NA,Santa14-2018,Santa,12,2x-G,High,0.916467175,20,NA,0.0445,1.092,Y,2x-G,2x-G,50.3,0.2029,0.058,7.58,0.0758,1.306896552,11.86,0.285855101,49.8,0.1829,0.0556,6.66,0.0666,1.197841727,11.63,0.303991252,49.4,0.1878,0.0555,6.98,0.0698,1.257657658,11.52,0.295527157,0.056366667,49.83333333,1.697519938,0.295124503,0.574307628,0.01579268,1.254131979,0.098343242,0,0,0,0,0,0.9974,1.01319268,0.2289,1.24209268,0.094154002,NA,NA,NA,0.225919516,NA,NA,NA,0.0815,0.1474,0,0.815714235,1.127095157,NA,NA,NA,0.184285765,0.443701169,NA,NA,NA,0.065615071,0.259041748,NA,NA,NA,0.118670694,0.351691356,NA,NA,NA,0.045380403
72,1.299,45.981,NA,NA,Santa9-2018,Santa,16,2x-G,High,0.791945777,15,NA,0.0789,1.164,Y,2x-G,2x-G,49.6,0.1213,0.0348,4.48,0.0448,1.287356322,8.92,0.286892003,50.2,0.1502,0.0448,5.43,0.0543,1.212053571,10.02,0.298268975,50.1,0.1449,0.0417,4.99,0.0499,1.196642686,9.63,0.287784679,0.040433333,49.96666667,1.698680378,0.290981886,0.569756902,0.010298532,1.232017526,0.090616886,0,0,0,0,0,1.0229,1.033198532,0.446,1.479198532,0.170026467,NA,NA,NA,0.431669216,NA,NA,NA,0.1462,0.2998,0,0.698485369,0.989505176,NA,NA,NA,0.301514631,0.581291151,NA,NA,NA,0.098837307,0.319807695,NA,NA,NA,0.202677324,0.466985931,NA,NA,NA,0.027334622
83,1.266,43.095,NA,NA,KB2-8,KB,11,2x-G,High,0.947904401,18,NA,0.1054,1.055,Y,2x-G,2x-G,51.2,0.1992,0.0572,5.94,0.0594,1.038461538,10.78,0.287148594,55.7,0.1843,0.0533,5.19,0.0519,0.973733583,9.57,0.289202387,47.4,0.1645,0.0459,5.39,0.0539,1.174291939,9.87,0.279027356,0.052133333,51.43333333,1.711244671,0.285126112,0.563291451,0.006410091,1.062162353,0.026190904,0,0,0,0,0,0.7409,0.747310091,0.4045,1.151810091,0.061380879,NA,NA,NA,0.541274639,NA,NA,NA,0.1322,0.2723,0,0.648813634,0.936501326,NA,NA,NA,0.351186366,0.634295001,NA,NA,NA,0.114775865,0.345626154,NA,NA,NA,0.2364105,0.507759488,NA,NA,NA,0.045262091
89,1.247,44.788,NA,NA,Santa17-2018,Santa,21,2x-G,Low,0.406248654,4,NA,NA,NA,,,2x-G,36.3,0.01,0.0037,0.5,0.005,1.351351351,2.91,0.37,NA,NA,0.004,0.56,0.0056,1.4,3.05,NA,31.5,0.0174,0.0049,0.77,0.0077,1.571428571,3.66,0.281609195,0.0042,33.9,1.530199698,0.325804598,0.607471262,0.005249336,1.440926641,0.158641871,1,1,1,1,4,0.0166,0.021849336,0.0207,0.042549336,-1.371107213,0.114896448,0.038191232,69,0.947397212,0.697804228,0.284436432,69,0.0082,0.0125,0,0.513505922,0.798905728,0.604286847,0.095645959,69,0.486494078,0.771890598,0.395713153,0.095645959,69,0.192717461,0.454480902,0.195461072,0.080229819,69,0.293776617,0.572829018,0.200252081,0.054259108,69,0.098708943
137,1.298,44.272,NA,NA,Cheney4-2018,Cheney,21,2x-G,Low,0.803773816,17,NA,NA,NA,,,2x-G,44.7,0.0342,0.0126,1.5,0.015,1.19047619,5.11,0.368421053,47.7,0.0352,0.0111,1.32,0.0132,1.189189189,4.78,0.315340909,47.5,0.038,0.0132,1.56,0.0156,1.181818182,5.24,0.347368421,0.0123,46.63333333,1.66869646,0.343710128,0.626444337,0.006470093,1.187161187,0.074509689,0,1,0,0,1,0.0419,0.048370093,0.0901,0.138470093,-0.858644016,NA,NA,NA,1.862721248,NA,NA,NA,0.0502,0.0399,0,0.349317979,0.632336723,NA,NA,NA,0.650682021,0.938459604,NA,NA,NA,0.362533157,0.646137799,NA,NA,NA,0.288148864,0.566633803,NA,NA,NA,0.088827845
150,0.553,43.779,NA,NA,Blue16-2018,Blue,18,2x-G,Low,0.425302123,11,NA,NA,NA,,,2x-G,40.6,0.0189,0.0067,0.74,0.0074,1.104477612,3.8,0.354497354,43,0.0216,0.0075,0.86,0.0086,1.146666667,3.98,0.347222222,NA,NA,NA,NA,NA,NA,NA,NA,0.0071,41.8,1.621176282,0.350859788,0.633952884,0.024433477,1.12557214,0.051373335,0,1,0,0,1,0.0531,0.077533477,0.0538,0.131333477,-0.881624558,NA,NA,NA,0.693893813,NA,NA,NA,0.0312,0.0226,0,0.590355778,0.876253099,NA,NA,NA,0.409644222,0.694543228,NA,NA,NA,0.237563192,0.509114851,NA,NA,NA,0.17208103,0.427752121,NA,NA,NA,0.054060855
342,0.718,44.951,NA,NA,Blue11-2018,Blue,18,4x,Low,0.88145257,17,NA,NA,NA,,,2x-G,47.5,0.0371,0.0131,1.29,0.0129,0.984732824,4.73,0.35309973,37.9,0.0289,0.0107,1.09,0.0109,1.018691589,4.5,0.370242215,NA,NA,NA,NA,NA,NA,NA,NA,0.0119,42.7,1.630427875,0.361670973,0.645240826,0.023631823,1.001712207,0.000742966,0,0,0,0,0,0.0617,0.085331823,0.0385,0.123831823,-0.907167734,NA,NA,NA,0.451179861,NA,NA,NA,0.0172,0.0213,0,0.689094458,0.979317726,NA,NA,NA,0.310905542,0.591478601,NA,NA,NA,0.13889806,0.381906508,NA,NA,NA,0.172007481,0.427654684,NA,NA,NA,0.096098077
358,1.434,46.727,NA,NA,Blue14-2018,Blue,14,4x,High,0.021223103,1,NA,0.0428,1.057,Y,2x-G,2x-G,53.2,0.2032,0.062,7.15,0.0715,1.153225806,12.38,0.30511811,52.1,0.1805,0.0511,6.14,0.0614,1.201565558,11.23,0.283102493,NA,NA,0.0625,7.1,0.071,1.136,11.77,NA,0.058533333,52.65,1.721398376,0.294110302,0.573195249,0.019222718,1.163597121,0.065802638,0,1,0,0,1,0.9029,0.922122718,0.4762,1.398322718,0.145607414,NA,NA,NA,0.516417165,NA,NA,NA,0.218,0.2582,0,0.659449143,0.947681591,NA,NA,NA,0.340550857,0.623114736,NA,NA,NA,0.155901064,0.405897056,NA,NA,NA,0.184649793,0.444170441,NA,NA,NA,0.041859674
377,1.645,43.968,NA,NA,Blue5-2018,Blue,21,4x,Low,0.912950104,18,NA,NA,NA,,,2x-G,NA,NA,NA,0.48,0.0048,NA,2.89,NA,37.2,0.0165,0.0032,0.61,0.0061,NA,3.15,0.193939394,38.6,0.0173,0.0056,NA,NA,NA,NA,0.323699422,0.0044,37.9,1.57863921,0.258819408,0.533724054,0.020381944,NA,NA,1,1,1,1,4,0.0084,0.028781944,0.0055,0.034281944,-1.464934559,NA,NA,NA,0.191092026,NA,NA,NA,6.00E-04,0.0049,0,0.839565691,1.158687468,NA,NA,NA,0.160434309,0.412108859,NA,NA,NA,0.017501925,0.132683815,NA,NA,NA,0.142932384,0.387704185,NA,NA,NA,0.128347447
416,0.517,32.053,NA,NA,Cheney3-2018,Cheney,20,4x,Low,0.190907655,4,NA,NA,NA,,,2x-G,30.8,0.0211,0.0062,0.88,0.0088,1.419354839,3.84,0.293838863,NA,0.0113,0.0044,0.63,0.0063,1.431818182,3.17,0.389380531,NA,NA,NA,NA,NA,NA,NA,NA,0.0053,30.8,1.488550717,0.341609697,0.624231486,0.020629766,1.425586511,0.153993577,1,1,1,1,4,0.0285,0.049129766,0.0267,0.075829766,-1.120160284,NA,NA,NA,0.543458725,NA,NA,NA,0.0139,0.0128,0,0.647895524,0.935539921,NA,NA,NA,0.352104476,0.635256405,NA,NA,NA,0.183305326,0.442435489,NA,NA,NA,0.168799149,0.423388092,NA,NA,NA,0.069893398
728,0.973,45.839,NA,NA,Blue8-2018,Blue,6,4x,Control,NA,NA,NA,0.0088,1.023,Y,2x-G,2x-G,49.6,0.0731,0.02,2.63,0.0263,1.315,7.14,0.273597811,50.3,0.0603,0.0194,2.27,0.0227,1.170103093,6.68,0.32172471,NA,NA,NA,NA,NA,NA,NA,NA,0.0197,49.95,1.698535493,0.297661261,0.577085108,NA,1.242551547,0.094314414,0,0,0,0,0,0.1436,0.1436,0.1145,0.2581,-0.588211995,NA,NA,NA,0.79735376,NA,NA,NA,0.0658,0.0487,0,0.556373499,0.841891786,NA,NA,NA,0.443626501,0.72890454,NA,NA,NA,0.254939946,0.529284393,NA,NA,NA,0.188686556,0.449350562,NA,NA,NA,0.076327005
767,1.283,45.589,NA,NA,Blue11-2018,Blue,32,4x,High,NA,NA,NA,0.0668,1.126,Y,2x-G,2x-G,50.1,0.1401,0.0412,4.97,0.0497,1.20631068,10.03,0.29407566,52.9,0.1775,0.0527,5.96,0.0596,1.130929791,11.4,0.296901408,NA,NA,0.0491,5.94,0.0594,1.209775967,10.85,NA,0.047666667,51.5,1.711807229,0.295488534,0.574706627,0.010490537,1.182338813,0.072741947,1,1,1,1,4,0.668,0.678490537,0.2372,0.915690537,-0.038251274,NA,NA,NA,0.34959957,NA,NA,NA,0.0929,0.1443,0,0.740960521,1.036821077,NA,NA,NA,0.259039479,0.53397525,NA,NA,NA,0.101453489,0.324165271,NA,NA,NA,0.15758599,0.408214331,NA,NA,NA,0.052055433
775,1.308,44.898,NA,NA,Blue8-2018,Blue,32,4x,High,NA,NA,NA,0.0429,1.031,Y,2x-G,2x-G,51.5,0.1963,0.0498,5.77,0.0577,1.158634538,11.29,0.253693327,53.9,0.2162,0.0536,6.39,0.0639,1.192164179,12.14,0.247918594,NA,NA,0.0411,4.9,0.049,1.192214112,10.66,NA,0.048166667,52.7,1.721810615,0.250805961,0.52452892,0.007959414,1.181004276,0.07225147,0,1,0,0,1,0.5536,0.561559414,0.2923,0.853859414,-0.068613629,NA,NA,NA,0.520514825,NA,NA,NA,0.1518,0.1405,0,0.657671983,0.945807709,NA,NA,NA,0.342328017,0.624988617,NA,NA,NA,0.177781023,0.435254151,NA,NA,NA,0.164546994,0.41768321,NA,NA,NA,0.056410536