Plant_ID,above_A630,above_mg.L,above_ashed_weight_g,above_ashed_weight_mg,above_decimal_percent_phosphorus,above_percent_phorphorus,below_A630,below_mg.L,below_ashed_weight_g,below_ashed_weight_mg,below_decimal_percent_phosphorus,below_percent_phorphorus,Accession,Population,Tray,Ploidy,Treatment,rand_placement_within_tray,Placement,randomized_tray_layout,flow_fresh_tissue_weight,DNA_content,FLOW,flow_ploidy,finalized_ploidy,leaf_1_chlorophyll,leaf_1_fresh_mass,leaf_1_dry_mass,leaf_1_area_cm,leaf_1_area_m,leaf_1_SLA,leaf_1_perimeter_cm,leaf_1_DMC,leaf_2_chlorophyll,leaf_2_fresh_mass,leaf_2_dry_mass,leaf_2_area_cm,leaf_2_area_m,leaf_2_SLA,leaf_2_perimeter,leaf_2_DMC,leaf_3_chlorophyll,leaf_3_fresh_mass,leaf_3_dry_mass,leaf_3_area,leaf_3_area_m,leaf_3_SLA,leaf_3_perimeter,leaf_3_DMC,avg_leaf_dry_mass,avg_chlorophyll,log_avg_chlorophyll,avg_DMC,arcsine_avg_DMC,est_flo_dry_leaf_weight,avg_SLA,log_avg_SLA,leaf_curl,whorled_leaf,tick_stem,thick_leaf,Sum,aboveground_dry_mass,total_aboveground_biomass,belowground_dry_mass,total_biomass_g,log_Total_biomass_g,total_biomass_avg_ploidy,total_biomass_SD_ploidy,total_biomass_N_ploidy,root_to_shoot_raio,rootshoot_avg_ploidy,rootshoot_SD_ploidy,rootshoot_N_ploidy,rhizome_weight,fine_roots_weight,Died,normalized_aboveground_mass,arcsine_normalized_aboveground_mass,normal_above_mass_avg_ploidy,normal_above_mass_SD_ploidy,normal_above_mass_N_ploidy,normalized_belowground_mass,arcsine_normal_beloground_mass,normal_below_mass_avg_ploidy,normal_below_mass_SD_ploidy,normal_below_mass_N_ploidy,normalized_rhizome_mass,arcsine_normal_rhizome_mass,normal_rhizome_mass_avg_ploidy,normal_rhizome_mass_SD_ploidy,normal_rhizome_mass_N_ploidy,normalized_fine_roots_mass,arcsine_normal_fine_root_mass,normal_fineroot_mass_avg_ploidy,normal_fineroot_mass_SD_ploidy,normal_fineroot_mass_N_ploidy,normalized_avg_leaf_dry_mass
233,NA,NA,NA,NA,NA,NA,-0.04,0.008264,0.0058,5.8,0.001424828,0.142482759,Blue2-3,Blue,21,2x,Low,0.486070727,8,NA,NA,NA,,,2x,NA,NA,NA,0.53,0.0053,NA,3.05,NA,NA,NA,0.0046,0.52,0.0052,1.130434783,3.03,NA,NA,NA,0.0044,NA,NA,NA,NA,NA,0.0045,NA,NA,NA,NA,NA,1.130434783,0.053245512,1,1,1,1,4,0.0181,0.0181,0.0126,0.0307,-1.512861625,NA,NA,NA,0.696132597,NA,NA,NA,0.0046,0.008,0,0.589576547,0.875460939,NA,NA,NA,0.410423453,0.695335388,NA,NA,NA,0.149837134,0.397471306,NA,NA,NA,0.260586319,0.535738909,NA,NA,NA,0.146579805
305,0.061,0.0593599,0.0216,21.6,0.002748144,0.274814352,0.017,0.0010107,0.0039,3.9,0.000259154,0.025915385,Santa-1,Santa,21,2x,Low,0.01855472,1,NA,NA,NA,,,2x,43.9,0.0412,0.0109,1.44,0.0144,1.321100917,5.08,0.264563107,43.7,0.0356,0.011,1.31,0.0131,1.190909091,4.87,0.308988764,NA,NA,NA,NA,NA,NA,NA,NA,0.01095,43.8,1.641474111,0.286775936,0.56511702,0.010478924,1.256005004,0.09899137,0,0,1,0,1,0.0424,0.052878924,0.021,0.073878924,-1.131479438,NA,NA,NA,0.397133648,NA,NA,NA,0.0051,0.0159,0,0.715751139,1.008476866,NA,NA,NA,0.284248861,0.562319461,NA,NA,NA,0.069031866,0.265860009,NA,NA,NA,0.215216995,0.482409286,NA,NA,NA,0.148215478
313,0.076,0.0669484,0.0262,26.2,0.002555282,0.255528244,0.344,0.158772,0.0169,16.9,0.009394793,0.93947929,Santa-3,Santa,1,2x,Control,0.17556415,5,0.258829483,0.112,0.843,Y,2X,2x,49.7,0.0859,0.032,2.98,0.0298,0.93125,7.93,0.372526193,47.1,0.0821,0.0309,3.05,0.0305,0.987055016,8.11,0.37637028,NA,NA,NA,NA,NA,NA,NA,NA,0.03145,48.4,1.684845362,0.374448237,0.658488093,NA,0.959152508,-0.018112333,0,0,0,0,0,0.2552,0.2552,0.1895,0.4447,-0.351932871,NA,NA,NA,0.742554859,NA,NA,NA,0.0632,0.1263,0,0.573870025,0.859539591,NA,NA,NA,0.426129975,0.711256736,NA,NA,NA,0.142118282,0.38653981,NA,NA,NA,0.284011693,0.562056525,NA,NA,NA,0.070721835
279,NA,NA,NA,NA,NA,NA,0.353,0.1630515,0.023,23,0.007089196,0.708919565,CheneyA-2018,Cheney,7,2x,Control,0.961027624,19,NA,0.0805,1.094,Y,2X,2x,49.6,0.0966,0.0341,3.33,0.0333,0.976539589,7.88,0.35300207,48.7,0.0886,0.0305,3.16,0.0316,1.036065574,7.62,0.344243792,51.1,0.0778,0.0273,2.79,0.0279,1.021978022,7.39,0.350899743,0.030633333,49.8,1.697229343,0.349381868,0.632403726,0.017666634,1.011527728,0.004977792,1,1,1,1,4,0.1863,0.203966634,0.1488,0.352766634,-0.452512499,NA,NA,NA,0.729531086,NA,NA,NA,0.0816,0.0672,0,0.5781914,0.863911825,NA,NA,NA,0.4218086,0.706884501,NA,NA,NA,0.231314394,0.501739709,NA,NA,NA,0.190494206,0.45165638,NA,NA,NA,0.086837388
260,NA,NA,NA,NA,NA,NA,0.376,0.1679488,0.0195,19.5,0.008612759,0.861275897,Cheney2-2018,Cheney,24,2x,Low,0.517681898,9,NA,NA,NA,,,2x,39.4,0.036,0.0144,1.59,0.0159,1.104166667,5.31,0.4,39.6,0.0313,0.0138,1.45,0.0145,1.050724638,5.13,0.440894569,NA,NA,NA,NA,NA,NA,NA,NA,0.0141,39.5,1.596597096,0.420447285,0.705505926,0.012854338,1.077445653,0.032395373,0,0,0,0,0,0.0743,0.087154338,0.0793,0.166454338,-0.778704882,NA,NA,NA,0.909880126,NA,NA,NA,0.0375,0.0418,0,0.523593071,0.808999998,NA,NA,NA,0.476406929,0.761796328,NA,NA,NA,0.225287009,0.494559622,NA,NA,NA,0.25111992,0.524890985,NA,NA,NA,0.084707916
207,0.108,0.0520364,0.0191,19.1,0.002724419,0.272441885,0.383,0.2222597,0.0264,26.4,0.008418928,0.841892803,Blue2-1,Blue,7,2x,Control,0.581663316,14,NA,0.0656,1.223,Y,2X,2x,47.4,0.0541,0.0176,2.01,0.0201,1.142045455,6.46,0.325323475,48.9,0.0664,0.0204,2.4,0.024,1.176470588,6.83,0.307228916,51.2,0.0638,0.02,2.33,0.0233,1.165,6.56,0.313479624,0.019333333,49.16666667,1.691670766,0.315344005,0.596263882,0.037553855,1.161172014,0.06489656,1,1,0,0,2,0.1204,0.157953855,0.0784,0.236353855,-0.62643731,NA,NA,NA,0.496347493,NA,NA,NA,0.0391,0.0393,0,0.668293965,0.957043687,NA,NA,NA,0.331706035,0.61375264,NA,NA,NA,0.165429923,0.418872597,NA,NA,NA,0.166276112,0.420010105,NA,NA,NA,0.081798255
231,0.325,0.1393025,0.0235,23.5,0.005927766,0.592776596,0.393,0.1804003,0.0158,15.8,0.011417741,1.141774051,Blue2-3,Blue,7,2x,Control,0.688917848,16,NA,0.0763,0.887,Y,2X,2x,51.2,0.0976,0.0297,3.49,0.0349,1.175084175,8.56,0.304303279,47.8,0.0866,0.026,3.18,0.0318,1.223076923,8.13,0.300230947,48.3,0.0986,0.0284,3.63,0.0363,1.278169014,8.73,0.288032454,0.028033333,49.1,1.691081492,0.297522227,0.576933058,0.038829158,1.225443371,0.088293247,1,1,1,1,4,0.1111,0.149929158,0.0662,0.216129158,-0.665286638,NA,NA,NA,0.441541865,NA,NA,NA,0.0288,0.0374,0,0.693701671,0.984304821,NA,NA,NA,0.306298329,0.586491506,NA,NA,NA,0.133253654,0.373674962,NA,NA,NA,0.173044675,0.429027227,NA,NA,NA,0.129706391
290,NA,NA,NA,NA,NA,NA,0.41,0.183633,0.0204,20.4,0.009001618,0.900161765,KB2-2,KB,2,2x,Control,0.76057873,16,0.555451195,0.0615,1.064,Y,2X,2x,44,0.0998,0.0339,3.29,0.0329,0.970501475,8.35,0.339679359,47.5,0.0964,0.0257,2.97,0.0297,1.155642023,7.91,0.26659751,48.8,0.1087,0.0313,3.36,0.0336,1.073482428,8.39,0.287948482,0.0303,46.76666667,1.669936416,0.298075117,0.577537586,0.022782675,1.066541975,0.027977952,0,0,0,0,0,0.135,0.157782675,0.1398,0.297582675,-0.526392357,NA,NA,NA,0.886028837,NA,NA,NA,0.0701,0.0697,0,0.530214587,0.81563117,NA,NA,NA,0.469785413,0.755165157,NA,NA,NA,0.235564789,0.506763631,NA,NA,NA,0.234220625,0.505178275,NA,NA,NA,0.101820444
254,0.17,0.066189,0.0231,23.1,0.002865325,0.286532468,0.453,0.2090263,0.017,17,0.012295665,1.229566471,Cheney2-2018,Cheney,6,2x,Control,0.574924942,11,NA,0.0129,1.128,Y,2X,2x,47,0.0672,0.0242,2.51,0.0251,1.037190083,6.61,0.360119048,47.3,0.0621,0.0205,2.35,0.0235,1.146341463,6.32,0.330112721,NA,NA,NA,NA,NA,NA,NA,NA,0.02235,47.15,1.673481697,0.345115885,0.627923532,NA,1.091765773,0.038129475,1,1,1,1,4,0.1536,0.1536,0.0801,0.2337,-0.631341288,NA,NA,NA,0.521484375,NA,NA,NA,0.0353,0.0448,0,0.657252888,0.945366146,NA,NA,NA,0.342747112,0.625430181,NA,NA,NA,0.151048353,0.399165299,NA,NA,NA,0.191698759,0.453188249,NA,NA,NA,0.09563543
217,0.122,0.0435474,0.0231,23.1,0.001885169,0.188516883,0.531,0.2476905,0.0196,19.6,0.01263727,1.263727041,Blue2-2,Blue,1,2x,Control,0.657331889,14,0.548286136,0.074,NA,,,2x,45.2,0.0999,0.035,3.53,0.0353,1.008571429,8.57,0.35035035,43.3,0.1081,0.0343,3.58,0.0358,1.043731778,8.12,0.317298797,NA,NA,NA,NA,NA,NA,NA,NA,0.03465,44.25,1.645913275,0.333824574,0.616000652,NA,1.026151604,0.011211528,0,1,0,0,1,0.2596,0.2596,0.1567,0.4163,-0.380593589,NA,NA,NA,0.603620955,NA,NA,NA,0.1007,0.056,0,0.623588758,0.910281313,NA,NA,NA,0.376411242,0.660515014,NA,NA,NA,0.241892866,0.514185753,NA,NA,NA,0.134518376,0.375531958,NA,NA,NA,0.083233245
202,NA,NA,NA,NA,NA,NA,0.596,0.278598,0.018,18,0.015477667,1.547766667,Blue1-3,Blue,10,2x,High,0.258035634,6,NA,0.0406,1.078,Y,2X,2x,52.9,0.2759,0.062,8.4,0.084,1.35483871,12.84,0.224719101,50.3,0.211,0.0462,6.43,0.0643,1.391774892,11.11,0.218957346,54.2,0.2677,0.0638,8.5,0.085,1.332288401,12.9,0.238326485,0.057333333,52.46666667,1.719883473,0.227334311,0.497005964,0.015429903,1.359634001,0.133422017,1,1,0,1,3,0.6684,0.683829903,0.2348,0.918629903,-0.036859422,NA,NA,NA,0.343360241,NA,NA,NA,0.0884,0.1464,0,0.744401963,1.040757263,NA,NA,NA,0.255598037,0.530039063,NA,NA,NA,0.096230266,0.315413959,NA,NA,NA,0.159367771,0.410653882,NA,NA,NA,0.062411786
280,NA,NA,NA,NA,NA,NA,0.614,0.2777382,0.0303,30.3,0.009166277,0.916627723,CheneyA-2018,Cheney,8,2x,Control,0.806393476,18,NA,0.0395,0.9,Y,2X,2x,42.8,0.0758,0.0246,2.85,0.0285,1.158536585,7,0.324538259,45.7,0.0901,0.0333,3.29,0.0329,0.987987988,7.61,0.369589345,NA,NA,NA,NA,NA,NA,NA,NA,0.02895,44.25,1.645913275,0.347063802,0.62997086,NA,1.073262287,0.030705869,0,0,0,0,0,0.2067,0.2067,0.1466,0.3533,-0.451856363,NA,NA,NA,0.709240445,NA,NA,NA,0.0767,0.0699,0,0.585055194,0.870869008,NA,NA,NA,0.414944806,0.699927319,NA,NA,NA,0.217095952,0.484691671,NA,NA,NA,0.197848854,0.460953219,NA,NA,NA,0.081941693
310,0.482,0.224391,0.0203,20.3,0.011053744,1.105374384,0.657,0.3063547,0.0178,17.8,0.017210938,1.72109382,Santa-1,Santa,14,2x,High,0.559070301,14,NA,0.0464,1.201,Y,2X,2x,44.9,0.1166,0.026,4.35,0.0435,1.673076923,8.67,0.222984563,46.7,0.1017,0.0223,3.95,0.0395,1.771300448,8.4,0.21927237,NA,NA,0.027,4.27,0.0427,1.581481481,9.33,NA,0.0251,45.8,1.660865478,0.221128467,0.489566086,0.027460155,1.675286284,0.224089033,0,0,0,0,0,0.5584,0.585860155,0.1004,0.686260155,-0.163511216,NA,NA,NA,0.171371955,NA,NA,NA,0.0207,0.0797,0,0.853699797,1.178304338,NA,NA,NA,0.146300203,0.392491989,NA,NA,NA,0.030163488,0.174561572,NA,NA,NA,0.116136715,0.34775534,NA,NA,NA,0.036575051
251,0.357,0.1673981,0.0236,23.6,0.00709314,0.709313983,0.929,0.4369395,0.0333,33.3,0.013121306,1.312130631,Blue6-2018,Blue,11,2x,High,0.610364414,13,NA,0.0609,1.104,Y,2X,2x,51.1,0.1619,0.0453,5.39,0.0539,1.189845475,10.72,0.279802347,52.5,0.146,0.0421,4.82,0.0482,1.144893112,9.99,0.288356164,51.6,0.1734,0.0449,5.39,0.0539,1.200445434,9.93,0.25893887,0.0441,51.73333333,1.713770462,0.275699127,0.552798058,0.035054675,1.178394674,0.071290771,1,1,0,0,2,0.7315,0.766554675,0.4177,1.184254675,0.073445108,NA,NA,NA,0.544905685,NA,NA,NA,0.1875,0.2302,0,0.647288705,0.934904802,NA,NA,NA,0.352711295,0.635891525,NA,NA,NA,0.158327431,0.409230839,NA,NA,NA,0.194383864,0.456589846,NA,NA,NA,0.037238612
249,0.427,0.1874159,0.0236,23.6,0.007941352,0.794135169,0.981,0.4616655,0.0298,29.8,0.015492131,1.549213087,Blue6-2018,Blue,9,2x,High,0.468037818,10,NA,0.0888,1.013,Y,2X,2x,41,0.1913,0.0494,6.85,0.0685,1.386639676,11.08,0.258233142,42.8,0.1676,0.0477,5.57,0.0557,1.167714885,10.77,0.284606205,50.2,0.202,0.0605,6.57,0.0657,1.085950413,11.41,0.29950495,0.052533333,44.66666667,1.649983544,0.280781432,0.55846865,0.021282329,1.213434991,0.084016514,1,1,1,1,4,0.8315,0.852782329,0.3178,1.170582329,0.068401964,NA,NA,NA,0.372662506,NA,NA,NA,0.1224,0.1954,0,0.728511193,1.022720476,NA,NA,NA,0.271488807,0.548075851,NA,NA,NA,0.104563342,0.329280804,NA,NA,NA,0.166925465,0.420881442,NA,NA,NA,0.044877948
263,0.693,0.3247215,0.0251,25.1,0.012937112,1.293711155,1.147,0.5401337,0.0266,26.6,0.020305778,2.03057782,Cheney2-2018,Cheney,15,2x,High,0.393187902,7,NA,0.0943,1.129,Y,2X,2x,45.8,0.0893,0.0239,3.29,0.0329,1.376569038,7.8,0.267637178,48.4,0.1193,0.0286,3.85,0.0385,1.346153846,8.62,0.239731769,NA,NA,0.0274,3.96,0.0396,1.445255474,8.73,NA,0.026633333,47.1,1.673020907,0.253684474,0.527842891,0.010132743,1.389326119,0.1428042,0,1,1,0,2,0.5798,0.589932743,0.2147,0.804632743,-0.094402299,NA,NA,NA,0.363939792,NA,NA,NA,0.0819,0.1328,0,0.733170192,1.027972784,NA,NA,NA,0.266829808,0.542823543,NA,NA,NA,0.101785567,0.324714801,NA,NA,NA,0.165044241,0.418353361,NA,NA,NA,0.033099987
227,0.237,0.1118021,0.0179,17.9,0.006245927,0.624592737,1.199,0.5653245,0.0311,31.1,0.018177637,1.817763666,Blue2-2,Blue,11,2x,High,0.93291278,16,NA,0.0858,1.108,Y,2X,2x,49.5,0.2057,0.057,5.89,0.0589,1.033333333,11.52,0.277102577,53.6,0.2084,0.0564,6.19,0.0619,1.09751773,11.66,0.270633397,42.1,0.1795,0.05,5.68,0.0568,1.136,10.36,0.278551532,0.054466667,48.4,1.684845362,0.275429169,0.552495955,0.007849802,1.088950354,0.03700808,1,1,0,0,2,0.8678,0.875649802,0.3238,1.199449802,0.078982077,NA,NA,NA,0.369782531,NA,NA,NA,0.101,0.2228,0,0.730042892,1.02444407,NA,NA,NA,0.269957108,0.546352257,NA,NA,NA,0.084205275,0.294416443,NA,NA,NA,0.185751834,0.445588915,NA,NA,NA,0.045409709
298,0.549,0.3062391,0.0282,28.2,0.010859543,1.085954255,1.317,0.6121661,0.0292,29.2,0.020964592,2.096459247,KB2-2,KB,10,2x,High,0.899251622,20,NA,0.0673,1.149,Y,2X,2x,52.3,0.1456,0.0377,4.65,0.0465,1.233421751,9.19,0.258928571,49.6,0.127,0.0323,4.64,0.0464,1.436532508,9.22,0.254330709,48.7,0.1249,0.0308,4.49,0.0449,1.457792208,8.89,0.246597278,0.0336,50.2,1.700703717,0.253285519,0.527384329,0.012991684,1.375915489,0.13859176,0,0,0,0,0,0.5394,0.552391684,0.2181,0.770491684,-0.113232044,NA,NA,NA,0.394828536,NA,NA,NA,0.0645,0.1536,0,0.716933999,1.009788903,NA,NA,NA,0.283066001,0.561007424,NA,NA,NA,0.083712779,0.293528506,NA,NA,NA,0.199353222,0.462838645,NA,NA,NA,0.043608517
213,0.298,0.1400634,0.0181,18.1,0.007738309,0.773830939,1.5,0.68645,0.0314,31.4,0.021861465,2.186146497,Blue2-1,Blue,13,2x,High,0.421809289,10,NA,0.0343,1.172,Y,2X,2x,50.1,0.1563,0.0474,5.43,0.0543,1.14556962,10.67,0.303262956,50.9,0.1293,0.0436,4.64,0.0464,1.064220183,9.74,0.337200309,NA,NA,NA,NA,NA,NA,NA,NA,0.0455,50.5,1.703291378,0.320231633,0.601512472,NA,1.104894902,0.04332097,0,1,0,0,1,0.8123,0.8123,0.2803,1.0926,0.038461196,NA,NA,NA,0.345069556,NA,NA,NA,0.1668,0.1135,0,0.743455977,1.039673564,NA,NA,NA,0.256544023,0.531122763,NA,NA,NA,0.152663372,0.401415381,NA,NA,NA,0.103880652,0.328163647,NA,NA,NA,0.041643785
198,0.116,0.0557428,0.0228,22.8,0.00244486,0.244485965,NA,NA,NA,NA,NA,NA,Blue1-3,Blue,18,2x,Low,0.052962045,2,NA,NA,NA,,,2x,40.7,0.021,0.0062,0.8,0.008,1.290322581,3.78,0.295238095,45.7,0.0227,0.0076,0.85,0.0085,1.118421053,3.96,0.334801762,NA,NA,NA,NA,NA,NA,NA,NA,0.0069,43.2,1.635483747,0.315019929,0.595915104,0.028861085,1.204371817,0.080760584,0,1,0,0,1,0.0324,0.061261085,0.012,0.073261085,-1.135126654,NA,NA,NA,0.195882917,NA,NA,NA,0.0029,0.0091,0,0.836202262,1.154124445,NA,NA,NA,0.163797738,0.416671882,NA,NA,NA,0.039584453,0.200294978,NA,NA,NA,0.124213285,0.360176113,NA,NA,NA,0.094183699
214,0.398,0.1780974,0.0235,23.5,0.007578613,0.757861277,NA,NA,NA,NA,NA,NA,Blue2-1,Blue,14,2x,High,0.086523316,3,NA,0.0537,1.245,Y,2X,2x,51.1,0.227,0.0568,7.41,0.0741,1.304577465,12.71,0.250220264,44.8,0.1605,0.0416,6,0.06,1.442307692,11.68,0.259190031,NA,NA,0.0551,7.36,0.0736,1.335753176,12.38,NA,0.051166667,47.95,1.680788612,0.254705148,0.529014982,0.008409643,1.360879444,0.133819654,0,0,0,0,0,0.8234,0.831809643,0.2067,1.038509643,0.016410533,NA,NA,NA,0.248494354,NA,NA,NA,0.0883,0.1184,0,0.800964775,1.10835578,NA,NA,NA,0.199035225,0.462440546,NA,NA,NA,0.085025691,0.295890379,NA,NA,NA,0.114009534,0.344422318,NA,NA,NA,0.049269323
222,0.014,0.0355826,0.0193,19.3,0.001843658,0.184365803,NA,NA,NA,NA,NA,NA,Blue2-2,Blue,18,2x,Low,0.080055018,3,NA,NA,NA,,,2x,41,0.0509,0.0165,1.88,0.0188,1.139393939,6.1,0.324165029,40.2,0.0504,0.0137,1.85,0.0185,1.350364964,5.94,0.271825397,NA,NA,NA,NA,NA,NA,NA,NA,0.0151,40.6,1.608526034,0.297995213,0.577450239,0.011429798,1.244879452,0.095127299,0,0,0,0,0,0.087,0.098429798,0.0637,0.162129798,-0.790137158,NA,NA,NA,0.647161747,NA,NA,NA,0.0391,0.0246,0,0.60710492,0.893339574,NA,NA,NA,0.39289508,0.677456753,NA,NA,NA,0.241164798,0.513335226,NA,NA,NA,0.151730282,0.400116577,NA,NA,NA,0.093135255
236,0.078,0.0381374,0.0157,15.7,0.002429134,0.242913376,NA,NA,NA,NA,NA,NA,Blue2-3,Blue,24,2x,Low,0.444920381,8,NA,NA,NA,,,2x,43.5,0.0333,0.0392,1.2,0.012,NA,4.53,NA,44.7,0.0301,0.0293,1.13,0.0113,NA,4.54,NA,NA,NA,NA,NA,NA,NA,NA,NA,0.03425,44.1,1.644438589,NA,NA,NA,NA,NA,0,0,0,0,0,0.0511,0.0511,0.0369,0.088,-1.055517328,NA,NA,NA,0.722113503,NA,NA,NA,0.0214,0.0155,0,0.580681818,0.866434284,NA,NA,NA,0.419318182,0.704362043,NA,NA,NA,0.243181818,0.51568937,NA,NA,NA,0.176136364,0.433099385,NA,NA,NA,0.389204545
245,0.056,0.0279448,0.0158,15.8,0.001768658,0.176865823,NA,NA,NA,NA,NA,NA,Blue6-2018,Blue,17,2x,Low,0.012730958,2,NA,NA,NA,,,2x,36.1,0.0151,0.007,0.69,0.0069,0.985714286,3.49,0.463576159,37.1,0.0193,0.0067,0.82,0.0082,1.223880597,3.91,0.347150259,NA,NA,NA,NA,NA,NA,NA,NA,0.00685,36.6,1.563481085,0.405363209,0.690187012,0.009229773,1.104797442,0.04328266,0,1,0,0,1,0.0232,0.032429773,0.0355,0.067929773,-1.167939837,NA,NA,NA,1.094673096,NA,NA,NA,0.0164,0.0191,0,0.477401463,0.762791925,NA,NA,NA,0.522598537,0.808004401,NA,NA,NA,0.241425803,0.513640232,NA,NA,NA,0.281172734,0.558903937,NA,NA,NA,0.100839436
266,0.149,0.0710317,0.021,21,0.003382462,0.33824619,NA,NA,NA,NA,NA,NA,Cheney7-2018,Cheney,2,2x,Control,0.964151858,18,NA,0.0638,1.148,Y,2X,2x,45.8,0.0726,0.0288,3.06,0.0306,1.0625,7.27,0.396694215,46.4,0.0663,0.024,2.64,0.0264,1.1,6.79,0.36199095,41.2,0.0642,0.0224,2.72,0.0272,1.214285714,6.68,0.348909657,0.025066667,44.46666667,1.648034575,0.369198274,0.653056595,0.02290563,1.125595238,0.051382247,0,0,0,0,0,0.159,0.18190563,0.1711,0.35300563,-0.452218368,NA,NA,NA,0.940597605,NA,NA,NA,0.0962,0.0749,0,0.515305181,0.800705736,NA,NA,NA,0.484694819,0.770090591,NA,NA,NA,0.2725169,0.549231034,NA,NA,NA,0.212177919,0.478702312,NA,NA,NA,0.071009256
271,0.028,0.0149724,0.0064,6.4,0.002339438,0.23394375,NA,NA,NA,NA,NA,NA,Cheney7-2018,Cheney,19,2x,Low,0.689632801,15,NA,NA,NA,,,2x,35.5,NA,0.0087,1.24,0.0124,1.425287356,4.53,NA,39.1,0.0246,0.0083,1.08,0.0108,1.301204819,4.33,0.337398374,NA,NA,NA,NA,NA,NA,NA,NA,0.0085,37.3,1.571708832,0.337398374,0.619784836,0.023017544,1.363246088,0.13457426,0,0,1,1,2,0.0227,0.045717544,0.0304,0.076117544,-1.118515233,NA,NA,NA,0.664952606,NA,NA,NA,0.0123,0.0181,0,0.600617697,0.886707639,NA,NA,NA,0.399382303,0.684088687,NA,NA,NA,0.161592182,0.413684013,NA,NA,NA,0.237790121,0.509381412,NA,NA,NA,0.111669394
275,0.635,0.2855295,0.0276,27.6,0.010345272,1.034527174,NA,NA,NA,NA,NA,NA,Cheney7-2018,Cheney,11,2x,High,0.242655991,5,NA,0.1096,1.171,Y,2X,2x,51.2,0.1077,0.0282,3.97,0.0397,1.407801418,8.53,0.26183844,48.8,0.1707,0.0477,5.68,0.0568,1.190775681,10.36,0.27943761,46.3,0.1691,0.0528,5.66,0.0566,1.071969697,10.58,0.312241277,0.0429,48.76666667,1.688123071,0.284505776,0.562604215,0.015952603,1.223515599,0.087609511,0,0,1,0,1,0.735,0.750952603,0.235,0.985952603,-0.006143962,NA,NA,NA,0.312935862,NA,NA,NA,0.066,0.169,0,0.761651829,1.060759775,NA,NA,NA,0.238348171,0.510036552,NA,NA,NA,0.066940337,0.26170545,NA,NA,NA,0.171407834,0.426859662,NA,NA,NA,0.043511219
277,0.174,0.077937,0.0253,25.3,0.003080514,0.308051383,NA,NA,NA,NA,NA,NA,CheneyA-2018,Cheney,5,2x,Control,0.536881935,13,NA,0.085,1.123,Y,2X,2x,43.4,0.0755,0.024,2.67,0.0267,1.1125,6.76,0.317880795,44.3,0.0768,0.0239,2.77,0.0277,1.158995816,6.83,0.311197917,37.6,0.0789,0.0218,2.94,0.0294,1.348623853,7.16,0.276299113,0.023233333,41.76666667,1.620829816,0.301792608,0.581593974,0.020686567,1.206706556,0.081601672,0,0,0,0,0,0.091,0.111686567,0.1071,0.218786567,-0.659979346,NA,NA,NA,0.958933584,NA,NA,NA,0.0421,0.065,0,0.51048183,0.795880761,NA,NA,NA,0.48951817,0.774915565,NA,NA,NA,0.192424976,0.454110029,NA,NA,NA,0.297093194,0.576463731,NA,NA,NA,0.106191771
282,0.098,0.0474034,0.0187,18.7,0.002534941,0.253494118,NA,NA,NA,NA,NA,NA,CheneyA-2018,Cheney,22,2x,Low,0.498207138,10,NA,NA,NA,,,2x,38.6,0.0347,0.0126,1.39,0.0139,1.103174603,4.8,0.363112392,36.6,0.0326,0.0128,1.32,0.0132,1.03125,4.91,0.392638037,NA,NA,NA,NA,NA,NA,NA,NA,0.0127,37.6,1.575187845,0.377875215,0.662025289,0.010705066,1.067212302,0.028250823,0,0,0,0,0,0.0637,0.074405066,0.0782,0.152605066,-0.816431049,NA,NA,NA,1.051003705,NA,NA,NA,0.0472,0.031,0,0.48756616,0.772963042,NA,NA,NA,0.51243384,0.797833285,NA,NA,NA,0.309295106,0.589737717,NA,NA,NA,0.203138735,0.46755959,NA,NA,NA,0.083221353
284,0.129,0.0617657,0.0201,20.1,0.00307292,0.30729204,NA,NA,NA,NA,NA,NA,CheneyA-2018,Cheney,24,2x,Low,0.183408505,5,NA,NA,NA,,,2x,33.5,0.028,0.0109,1.22,0.0122,1.119266055,4.54,0.389285714,33.7,0.0285,0.0103,1.12,0.0112,1.087378641,4.4,0.361403509,NA,NA,NA,NA,NA,NA,NA,NA,0.0106,33.6,1.526339277,0.375344612,0.659413917,0.006145505,1.103322348,0.042702415,0,0,0,0,0,0.0463,0.052445505,0.0462,0.098645505,-1.0059227,NA,NA,NA,0.880914389,NA,NA,NA,0.0255,0.0207,0,0.531656308,0.817075659,NA,NA,NA,0.468343692,0.753720668,NA,NA,NA,0.258501388,0.533360934,NA,NA,NA,0.209842304,0.475840208,NA,NA,NA,0.107455479
295,0.097,0.0469401,0.0172,17.2,0.002729076,0.272907558,NA,NA,NA,NA,NA,NA,KB2-2,KB,19,2x,Low,0.781535485,16,NA,NA,NA,,,2x,41.7,0.0375,0.0104,1.4,0.014,1.346153846,4.99,0.277333333,NA,0.0368,0.0112,1.37,0.0137,1.223214286,4.97,0.304347826,NA,NA,NA,NA,NA,NA,NA,NA,0.0108,41.7,1.620136055,0.29084058,0.569601342,0.021639477,1.284684066,0.108796338,1,0,1,1,3,0.0473,0.068939477,0.0464,0.115339477,-0.938022022,NA,NA,NA,0.673054134,NA,NA,NA,0.0214,0.025,0,0.597709291,0.883740285,NA,NA,NA,0.402290709,0.687056042,NA,NA,NA,0.185539249,0.445315543,NA,NA,NA,0.21675146,0.484273751,NA,NA,NA,0.093636631
324,0.472,0.2086424,0.0269,26.9,0.007756223,0.775622305,NA,NA,NA,NA,NA,NA,Santa-3,Santa,12,2x,High,0.728307213,12,NA,0.032,1.077,Y,2X,2x,47.3,0.127,0.0378,4.97,0.0497,1.314814815,9.51,0.297637795,49,0.135,0.0402,5.21,0.0521,1.2960199,9.85,0.297777778,51.7,0.1184,0.037,4.64,0.0464,1.254054054,9.47,0.3125,0.038333333,49.33333333,1.693140461,0.302638524,0.582515014,0.008528237,1.288296256,0.110015745,0,1,0,0,1,0.7499,0.758428237,0.4166,1.175028237,0.070048303,NA,NA,NA,0.549293894,NA,NA,NA,0.1731,0.2435,0,0.645455329,0.932987426,NA,NA,NA,0.354544671,0.637808901,NA,NA,NA,0.147315609,0.393926527,NA,NA,NA,0.207229063,0.47262399,NA,NA,NA,0.032623329
449,NA,NA,NA,NA,NA,NA,0.026,0.0053046,0.0031,3.1,0.001711161,0.171116129,Santa15-2018,Santa,21,4x,Low,0.706153776,16,NA,NA,NA,,,2x-G,34.2,0.0216,0.0048,0.84,0.0084,1.75,3.85,0.222222222,38.4,0.0266,0.0068,1.06,0.0106,1.558823529,4.36,0.255639098,36.6,0.0192,0.0053,0.83,0.0083,1.566037736,3.8,0.276041667,0.005633333,36.4,1.561101384,0.251300996,0.525099738,0.004794576,1.624953755,0.210841006,1,1,0,1,3,0.0188,0.023594576,0.0159,0.039494576,-1.403462544,NA,NA,NA,0.673883693,NA,NA,NA,0.0075,0.0084,0,0.597413073,0.883438262,NA,NA,NA,0.402586927,0.687358065,NA,NA,NA,0.189899494,0.450898701,NA,NA,NA,0.212687433,0.479325145,NA,NA,NA,0.142635612
128,NA,NA,NA,NA,NA,NA,0.053,0.0181863,0.0075,7.5,0.00242484,0.242484,Santa11-2018,Santa,20,2x-G,Low,0.817616442,16,NA,NA,NA,,,2x-G,38.8,0.0346,0.013,1.46,0.0146,1.123076923,5.13,0.375722543,43.3,0.0376,0.0124,1.47,0.0147,1.185483871,4.91,0.329787234,NA,NA,NA,NA,NA,NA,NA,NA,0.0127,41.05,1.613313161,0.352754889,0.635937143,0.023357389,1.154280397,0.06231132,0,0,0,0,0,0.0615,0.084857389,0.048,0.132857389,-0.876614287,NA,NA,NA,0.565654925,NA,NA,NA,0.0238,0.0242,0,0.638710347,0.925952354,NA,NA,NA,0.361289653,0.644843973,NA,NA,NA,0.179139453,0.437028026,NA,NA,NA,0.1821502,0.440940926,NA,NA,NA,0.095591221
150,0.164,0.0633588,0.0178,17.8,0.003559483,0.355948315,0.092,0.0367932,0.0101,10.1,0.003642891,0.364289109,Blue16-2018,Blue,18,2x-G,Low,0.425302123,11,NA,NA,NA,,,2x-G,40.6,0.0189,0.0067,0.74,0.0074,1.104477612,3.8,0.354497354,43,0.0216,0.0075,0.86,0.0086,1.146666667,3.98,0.347222222,NA,NA,NA,NA,NA,NA,NA,NA,0.0071,41.8,1.621176282,0.350859788,0.633952884,0.024433477,1.12557214,0.051373335,0,1,0,0,1,0.0531,0.077533477,0.0538,0.131333477,-0.881624558,NA,NA,NA,0.693893813,NA,NA,NA,0.0312,0.0226,0,0.590355778,0.876253099,NA,NA,NA,0.409644222,0.694543228,NA,NA,NA,0.237563192,0.509114851,NA,NA,NA,0.17208103,0.427752121,NA,NA,NA,0.054060855
342,0.018,0.0376062,0.0219,21.9,0.001717178,0.171717808,0.134,0.0568314,0.0093,9.3,0.006110903,0.611090323,Blue11-2018,Blue,18,4x,Low,0.88145257,17,NA,NA,NA,,,2x-G,47.5,0.0371,0.0131,1.29,0.0129,0.984732824,4.73,0.35309973,37.9,0.0289,0.0107,1.09,0.0109,1.018691589,4.5,0.370242215,NA,NA,NA,NA,NA,NA,NA,NA,0.0119,42.7,1.630427875,0.361670973,0.645240826,0.023631823,1.001712207,0.000742966,0,0,0,0,0,0.0617,0.085331823,0.0385,0.123831823,-0.907167734,NA,NA,NA,0.451179861,NA,NA,NA,0.0172,0.0213,0,0.689094458,0.979317726,NA,NA,NA,0.310905542,0.591478601,NA,NA,NA,0.13889806,0.381906508,NA,NA,NA,0.172007481,0.427654684,NA,NA,NA,0.096098077
404,NA,NA,NA,NA,NA,NA,0.15,0.064465,0.0126,12.6,0.00511627,0.511626984,Cheney2-2018,Cheney,24,4x,Low,0.357037306,7,NA,NA,NA,,,2x-G,38.7,0.0276,0.0093,1.06,0.0106,1.139784946,4.39,0.336956522,38.9,0.0245,0.0069,0.94,0.0094,1.362318841,4.05,0.281632653,NA,NA,NA,NA,NA,NA,NA,NA,0.0081,38.8,1.588831726,0.309294588,0.589737157,0.037592461,1.251051894,0.097275325,1,0,0,0,1,0.0378,0.075392461,0.0551,0.130492461,-0.884414578,NA,NA,NA,0.730842305,NA,NA,NA,0.0272,0.0279,0,0.577753385,0.863468385,NA,NA,NA,0.422246615,0.707327942,NA,NA,NA,0.20844116,0.474117611,NA,NA,NA,0.213805455,0.480689918,NA,NA,NA,0.062072551
390,0.092,0.0446236,0.0172,17.2,0.002594395,0.259439535,0.17,0.074007,0.0129,12.9,0.005736977,0.573697674,Blue8-2018,Blue,18,4x,Low,0.170239404,5,NA,NA,NA,,,2x-G,40.9,0.0205,0.0059,0.82,0.0082,1.389830508,4,0.287804878,41.1,0.0222,0.0075,0.89,0.0089,1.186666667,4.18,0.337837838,NA,NA,NA,NA,NA,NA,NA,NA,0.0067,41,1.612783857,0.312821358,0.593546383,0.009472669,1.288248588,0.109999675,0,0,0,0,0,0.0435,0.052972669,0.0551,0.108072669,-0.966284123,NA,NA,NA,1.04015903,NA,NA,NA,0.0336,0.0215,0,0.490157868,0.775555396,NA,NA,NA,0.509842132,0.795240931,NA,NA,NA,0.310901917,0.591474685,NA,NA,NA,0.198940215,0.462321557,NA,NA,NA,0.061995323
754,0.149,0.1038791,0.0275,27.5,0.003777422,0.377742182,0.269,0.1212399,0.0142,14.2,0.008538021,0.853802113,Santa5-2018,Santa,31,4x,Control,NA,NA,NA,0.0137,1.08,Y,2x-G,2x-G,45.1,0.0757,0.0271,2.72,0.0272,1.003690037,6.98,0.357992074,50.1,0.0977,0.0324,3.53,0.0353,1.089506173,7.85,0.331627431,NA,NA,NA,NA,NA,NA,NA,NA,0.02975,47.6,1.677606953,0.344809753,0.627601529,NA,1.046598105,0.019779944,0,0,0,0,0,0.1429,0.1429,0.0694,0.2123,-0.673050006,NA,NA,NA,0.485654304,NA,NA,NA,0.0338,0.0356,0,0.673104098,0.962161323,NA,NA,NA,0.326895902,0.608635004,NA,NA,NA,0.159208667,0.410436494,NA,NA,NA,0.167687235,0.4219019,NA,NA,NA,0.140131889
744,0.055,0.0563245,0.0215,21.5,0.002619744,0.261974419,0.272,0.1226712,0.0149,14.9,0.008232966,0.823296644,Santa5-2018,Santa,31,4x,Control,NA,NA,NA,0.0155,1.072,Y,2x-G,2x-G,44.6,0.0533,0.0176,1.97,0.0197,1.119318182,5.91,0.330206379,NA,0.057,0.0196,2.13,0.0213,1.086734694,6.13,0.343859649,NA,NA,NA,NA,NA,NA,NA,NA,0.0186,44.6,1.649334859,0.337033014,0.619398423,NA,1.103026438,0.042585922,1,1,1,1,4,0.2002,0.2002,0.0624,0.2626,-0.580705278,NA,NA,NA,0.311688312,NA,NA,NA,0.0253,0.0371,0,0.762376238,1.061610319,NA,NA,NA,0.237623762,0.509186008,NA,NA,NA,0.09634425,0.315607162,NA,NA,NA,0.141279513,0.385337242,NA,NA,NA,0.07083016
427,NA,NA,NA,NA,NA,NA,0.276,0.1245796,0.0149,14.9,0.008361047,0.836104698,CheneyA-2018,Cheney,23,4x,Low,0.163730994,7,NA,NA,NA,,,2x-G,33.7,0.0468,0.0174,2.11,0.0211,1.212643678,6.16,0.371794872,35.3,0.0407,0.0161,1.85,0.0185,1.149068323,5.7,0.395577396,NA,NA,NA,NA,NA,NA,NA,NA,0.01675,34.5,1.537819095,0.383686134,0.668008829,NA,1.180856001,0.072196941,1,1,0,1,3,0.0443,0.0443,0.0485,0.0928,-1.032452024,NA,NA,NA,1.094808126,NA,NA,NA,0.02,0.0285,0,0.47737069,0.762761121,NA,NA,NA,0.52262931,0.808035206,NA,NA,NA,0.215517241,0.48277448,NA,NA,NA,0.307112069,0.587373847,NA,NA,NA,0.18049569
137,NA,NA,NA,NA,NA,NA,0.29,0.128277,0.0183,18.3,0.007009672,0.700967213,Cheney4-2018,Cheney,21,2x-G,Low,0.803773816,17,NA,NA,NA,,,2x-G,44.7,0.0342,0.0126,1.5,0.015,1.19047619,5.11,0.368421053,47.7,0.0352,0.0111,1.32,0.0132,1.189189189,4.78,0.315340909,47.5,0.038,0.0132,1.56,0.0156,1.181818182,5.24,0.347368421,0.0123,46.63333333,1.66869646,0.343710128,0.626444337,0.006470093,1.187161187,0.074509689,0,1,0,0,1,0.0419,0.048370093,0.0901,0.138470093,-0.858644016,NA,NA,NA,1.862721248,NA,NA,NA,0.0502,0.0399,0,0.349317979,0.632336723,NA,NA,NA,0.650682021,0.938459604,NA,NA,NA,0.362533157,0.646137799,NA,NA,NA,0.288148864,0.566633803,NA,NA,NA,0.088827845
386,0.155,0.0689025,0.0225,22.5,0.003062333,0.306233333,0.344,0.1531872,0.0176,17.6,0.008703818,0.870381818,Blue8-2018,Blue,2,4x,Control,0.409631195,10,0.440171538,0.0809,1.352,Y,2x-G,2x-G,48.1,0.0643,0.021,2.22,0.0222,1.057142857,6.54,0.32659409,47.1,0.0666,0.0228,2.26,0.0226,0.99122807,6.78,0.342342342,48.9,0.0707,0.0247,2.51,0.0251,1.016194332,7.32,0.349363508,0.022833333,48.03333333,1.681542726,0.339433313,0.62193516,0.030080969,1.021521753,0.009247619,0,1,1,0,2,0.1325,0.162580969,0.1651,0.327680969,-0.484548781,NA,NA,NA,1.015494009,NA,NA,NA,0.0893,0.0758,0,0.496156275,0.781554401,NA,NA,NA,0.503843725,0.789241926,NA,NA,NA,0.272521167,0.549235826,NA,NA,NA,0.231322558,0.501749389,NA,NA,NA,0.069681596
448,0.174,0.0680758,0.0211,21.1,0.003226341,0.322634123,0.349,0.1636917,0.0199,19.9,0.008225714,0.822571357,Santa15-2018,Santa,8,4x,Control,0.529233307,13,NA,0.021,1.059,Y,2x-G,2x-G,41.3,0.0648,0.0222,2.64,0.0264,1.189189189,6.75,0.342592593,45.8,0.0845,0.0274,3.2,0.032,1.167883212,7.55,0.324260355,NA,NA,NA,NA,NA,NA,NA,NA,0.0248,43.55,1.638988159,0.333426474,0.615578496,NA,1.178536201,0.071342927,0,0,0,0,0,0.2378,0.2378,0.138,0.3758,-0.425043224,NA,NA,NA,0.580319596,NA,NA,NA,0.086,0.052,0,0.632783395,0.919794051,NA,NA,NA,0.367216605,0.651002276,NA,NA,NA,0.22884513,0.498806271,NA,NA,NA,0.138371474,0.381144587,NA,NA,NA,0.065992549
182,0.145,0.1018555,0.0313,31.3,0.003254169,0.325416933,0.394,0.1718498,0.0185,18.5,0.009289178,0.928917838,Blue19-2018,Blue,6,2x-G,Control,0.20757412,7,NA,0.0075,1.072,Y,2x-G,2x-G,49.4,0.0794,0.0309,3.03,0.0303,0.980582524,7.58,0.389168766,49.8,0.0783,0.0299,2.87,0.0287,0.959866221,7.2,0.381864623,NA,NA,NA,NA,NA,NA,NA,NA,0.0304,49.6,1.695481676,0.385516695,0.669890184,NA,0.970224373,-0.01312782,0,0,0,0,0,0.3031,0.3031,0.138,0.4411,-0.355462942,NA,NA,NA,0.455295282,NA,NA,NA,0.0893,0.0487,0,0.687145772,0.977214497,NA,NA,NA,0.312854228,0.59358183,NA,NA,NA,0.202448424,0.466701165,NA,NA,NA,0.110405804,0.338713209,NA,NA,NA,0.068918613
96,0.327,0.1939293,0.0268,26.8,0.007236168,0.723616791,0.403,0.1760951,0.0136,13.6,0.012948169,1.294816912,Santa17-2018,Santa,16,2x-G,High,0.898711464,19,NA,0.1032,1.15,Y,2x-G,2x-G,48.3,0.1227,0.0334,4.23,0.0423,1.266467066,8.57,0.272208639,47.7,0.1265,0.0345,4.58,0.0458,1.327536232,8.86,0.272727273,46.4,0.1097,0.0277,4.47,0.0447,1.613718412,8.53,0.252506837,0.031866667,47.46666667,1.676388735,0.26581425,0.541674811,0.012163201,1.402573903,0.146925754,1,1,0,1,3,0.9969,1.009063201,0.4791,1.488163201,0.172650561,NA,NA,NA,0.474796821,NA,NA,NA,0.0957,0.3834,0,0.678059503,0.967453818,NA,NA,NA,0.321940497,0.603342509,NA,NA,NA,0.064307463,0.25638891,NA,NA,NA,0.257633034,0.53236869,NA,NA,NA,0.021413422
375,NA,NA,NA,NA,NA,NA,0.444,0.206322,0.02,20,0.0103161,1.03161,Blue5-2018,Blue,7,4x,Control,0.964518447,20,NA,0.0682,1.349,Y,2x-G,2x-G,48.8,0.0988,0.031,3.27,0.0327,1.05483871,8,0.313765182,47.7,0.0895,0.0255,2.92,0.0292,1.145098039,7.51,0.284916201,46.9,0.0855,0.026,2.89,0.0289,1.111538462,7.66,0.304093567,0.0275,47.8,1.679427897,0.300924983,0.580648536,0.015088175,1.10382507,0.042900254,0,1,0,0,1,0.126,0.141088175,0.1816,0.322688175,-0.491216949,NA,NA,NA,1.287138345,NA,NA,NA,0.079,0.1026,0,0.437227596,0.722459681,NA,NA,NA,0.562772404,0.848336646,NA,NA,NA,0.244818392,0.517594613,NA,NA,NA,0.317954012,0.599069325,NA,NA,NA,0.085221592
85,0.174,0.077937,0.0261,26.1,0.002986092,0.298609195,0.45,0.202085,0.0204,20.4,0.009906127,0.990612745,Santa17-2018,Santa,5,2x-G,Control,0.810875377,18,NA,0.0887,0.928,Y,2x-G,2x-G,38.1,0.0957,0.0329,3.13,0.0313,0.951367781,7.32,0.343782654,44.6,0.1017,0.0381,3.23,0.0323,0.847769029,7.74,0.374631268,41.8,0.0883,0.0264,3.15,0.0315,1.193181818,7.54,0.298980747,0.032466667,41.5,1.618048097,0.339131556,0.621616492,0.0413369,0.997439543,-0.001113418,0,1,0,0,1,0.1266,0.1679369,0.1141,0.2820369,-0.549694068,NA,NA,NA,0.679421854,NA,NA,NA,0.0556,0.0585,0,0.595443008,0.881430504,NA,NA,NA,0.404556992,0.689365823,NA,NA,NA,0.197137325,0.460059579,NA,NA,NA,0.207419667,0.472859077,NA,NA,NA,0.115114962
385,0.141,0.0622455,0.022,22,0.002829341,0.282934091,0.47,0.219751,0.0237,23.7,0.009272194,0.927219409,Blue8-2018,Blue,1,4x,Control,0.493500013,10,0.608131832,0.0685,NA,,,2x-G,47.7,0.0575,0.0169,2.32,0.0232,1.372781065,6.75,0.293913043,47.3,0.0481,0.0132,1.93,0.0193,1.462121212,5.94,0.274428274,NA,NA,NA,NA,NA,NA,NA,NA,0.01505,47.5,1.67669361,0.284170659,0.56223277,0.010549586,1.417451139,0.151508097,0,0,1,0,1,0.0616,0.072149586,0.0565,0.128649586,-0.890591607,0.340768889,0.090072328,89,0.783095277,0.755396387,0.226118442,89,0.0301,0.0264,0,0.560822528,0.846371703,0.579056251,0.074823618,89,0.439177472,0.724424624,0.420943749,0.074823618,89,0.233968884,0.504881012,0.223965736,0.054425797,89,0.205208589,0.47012704,0.196978013,0.044975674,89,0.116984442
374,0.276,0.1161892,0.0249,24.9,0.004666233,0.466623293,0.501,0.2319271,0.0236,23.6,0.009827419,0.982741949,Blue5-2018,Blue,6,4x,Control,0.950075793,20,NA,0.0043,1.061,Y,2x-G,2x-G,55.3,0.0867,0.0319,3,0.03,0.940438871,7.87,0.367935409,50.9,0.0621,0.024,2.38,0.0238,0.991666667,7.13,0.38647343,NA,NA,NA,NA,NA,NA,NA,NA,0.02795,53.1,1.725094521,0.37720442,0.661333422,NA,0.966052769,-0.01499915,0,0,0,0,0,0.1865,0.1865,0.1837,0.3702,-0.431563586,NA,NA,NA,0.984986595,NA,NA,NA,0.0876,0.0961,0,0.50378174,0.789179939,NA,NA,NA,0.49621826,0.781616387,NA,NA,NA,0.236628849,0.508016403,NA,NA,NA,0.259589411,0.534602656,NA,NA,NA,0.07549973
399,0.103,0.0806077,0.0236,23.6,0.003415581,0.341558051,0.596,0.2694348,0.0289,28.9,0.009323003,0.932300346,Cheney2-2018,Cheney,7,4x,Control,0.137941909,5,NA,0.1132,0.798,Y,2x-G,2x-G,45.5,0.0945,0.0328,3.22,0.0322,0.981707317,7.9,0.347089947,48.4,0.0934,0.0336,3.03,0.0303,0.901785714,7.6,0.359743041,49.3,0.0938,0.0324,3.16,0.0316,0.975308642,7.81,0.345415778,0.032933333,47.73333333,1.678821763,0.350749589,0.633837425,0.020525548,0.952933891,-0.020937227,0,0,0,0,0,0.1704,0.190925548,0.1612,0.352125548,-0.453302464,NA,NA,NA,0.84430817,NA,NA,NA,0.0717,0.0895,0,0.542208735,0.827657192,NA,NA,NA,0.457791265,0.743139135,NA,NA,NA,0.203620556,0.468158107,NA,NA,NA,0.254170708,0.528401451,NA,NA,NA,0.093527247
63,0.253,0.1192149,0.0234,23.4,0.005094654,0.509465385,0.626,0.2832738,0.0229,22.9,0.012370035,1.237003493,Santa9-2018,Santa,7,2x-G,Control,0.20199412,6,NA,0.1058,0.964,Y,2x-G,2x-G,44.6,0.081,0.0249,2.95,0.0295,1.184738956,7.13,0.307407407,48,0.1037,0.0336,3.56,0.0356,1.05952381,7.91,0.324011572,46.6,0.0872,0.0284,3.2,0.032,1.126760563,7.7,0.325688073,0.028966667,46.4,1.666517981,0.319035684,0.600230186,0.008085053,1.123674443,0.050640503,0,0,0,0,0,0.1775,0.185585053,0.1194,0.304985053,-0.515721444,NA,NA,NA,0.643370778,NA,NA,NA,0.0634,0.056,0,0.608505404,0.894773792,NA,NA,NA,0.391494596,0.676022535,NA,NA,NA,0.20787904,0.473425332,NA,NA,NA,0.183615556,0.442836258,NA,NA,NA,0.094977333
469,0.212,0.0922956,0.0261,26.1,0.00353623,0.353622989,0.628,0.2841964,0.0298,29.8,0.009536792,0.953679195,Santa8-2018,Santa,5,4x,Control,0.401221756,10,NA,0.1001,1.031,Y,2x-G,2x-G,41.5,0.0689,0.0211,2.62,0.0262,1.241706161,6.84,0.306240929,42.9,0.086,0.0247,3.17,0.0317,1.28340081,7.49,0.287209302,45.6,0.0781,0.0225,2.95,0.0295,1.311111111,7.38,0.28809219,0.022766667,43.33333333,1.636822098,0.293847474,0.572906796,0.002619419,1.278739361,0.106782033,0,0,1,1,2,0.179,0.181619419,0.1466,0.328219419,-0.483835728,NA,NA,NA,0.807182408,NA,NA,NA,0.0629,0.0837,0,0.553347573,0.838847475,NA,NA,NA,0.446652427,0.731948852,NA,NA,NA,0.191640093,0.453113727,NA,NA,NA,0.255012334,0.529367436,NA,NA,NA,0.069364168
447,0.136,0.0501512,0.0138,13.8,0.003634145,0.363414493,0.644,0.301422,0.0225,22.5,0.013396533,1.339653333,Santa15-2018,Santa,7,4x,Control,0.114960935,2,NA,0.0616,1.042,Y,2x-G,2x-G,39.9,0.063,0.0196,2.61,0.0261,1.331632653,6.93,0.311111111,41.7,0.0573,0.0176,2.35,0.0235,1.335227273,6.75,0.307155323,45.5,0.0601,0.0175,2.45,0.0245,1.4,6.7,0.291181364,0.018233333,42.36666667,1.627024296,0.303149266,0.583070761,0.025652372,1.355619975,0.13213796,0,1,1,0,2,0.1642,0.189852372,0.0877,0.277552372,-0.556655057,NA,NA,NA,0.461937868,NA,NA,NA,0.0399,0.0478,0,0.684023598,0.973852124,NA,NA,NA,0.315976402,0.596944203,NA,NA,NA,0.143756653,0.388880289,NA,NA,NA,0.17221975,0.427935851,NA,NA,NA,0.065693306
422,0.256,0.1206048,0.0251,25.1,0.004804972,0.480497211,0.661,0.3095055,0.0286,28.6,0.010821871,1.082187063,CheneyA-2018,Cheney,6,4x,Control,0.71183287,15,NA,0.0212,1.116,Y,2x-G,2x-G,47.4,0.0765,0.0293,3.24,0.0324,1.105802048,7.63,0.383006536,52.9,0.0878,0.0323,3.35,0.0335,1.037151703,7.63,0.367881549,NA,NA,NA,NA,NA,NA,NA,NA,0.0308,50.15,1.700270937,0.375444043,0.659516587,NA,1.071476876,0.029982803,0,1,0,0,1,0.2188,0.2188,0.1739,0.3927,-0.405939099,NA,NA,NA,0.794789762,NA,NA,NA,0.0825,0.0914,0,0.557168322,0.842691783,NA,NA,NA,0.442831678,0.728104544,NA,NA,NA,0.210084034,0.476136968,NA,NA,NA,0.232747645,0.503437358,NA,NA,NA,0.078431373
61,0.048,0.0527832,0.0203,20.3,0.002600158,0.260015764,0.688,0.3105296,0.0371,37.1,0.00837007,0.837007008,Santa9-2018,Santa,5,2x-G,Control,0.235644127,5,NA,0.056,1.133,Y,2x-G,2x-G,40.8,0.082,0.0253,3.01,0.0301,1.18972332,7.09,0.308536585,48.4,0.0973,0.0351,3.55,0.0355,1.011396011,7.94,0.360739979,46.1,0.0967,0.0322,3.47,0.0347,1.077639752,7.77,0.332988625,0.030866667,45.1,1.654176542,0.334088396,0.616280347,0.00454294,1.092919694,0.038588252,0,0,1,1,2,0.1955,0.20004294,0.2332,0.43324294,-0.363268506,NA,NA,NA,1.165749714,NA,NA,NA,0.1095,0.1237,0,0.461733872,0.747094581,NA,NA,NA,0.538266128,0.823701746,NA,NA,NA,0.25274503,0.526762705,NA,NA,NA,0.285521098,0.5637288,NA,NA,NA,0.071245632
144,0.522,0.243411,0.0243,24.3,0.010016914,1.001691358,0.784,0.367992,0.0215,21.5,0.017115907,1.711590698,Cheney4-2018,Cheney,16,2x-G,High,0.862839578,18,NA,0.1077,1.19,Y,2x-G,2x-G,47.7,0.2013,0.0499,6.32,0.0632,1.266533066,11.03,0.247888723,40.6,0.1795,0.0416,6.32,0.0632,1.519230769,10.66,0.231754875,46.5,0.1944,0.0461,6,0.06,1.301518438,11,0.237139918,0.045866667,44.93333333,1.652568637,0.238927839,0.510716513,0.005668112,1.362427424,0.134313377,0,1,0,0,1,0.8136,0.819268112,0.3632,1.182468112,0.072789438,NA,NA,NA,0.443322515,NA,NA,NA,0.1267,0.2365,0,0.69284584,0.983376858,NA,NA,NA,0.30715416,0.587419468,NA,NA,NA,0.107148767,0.333482726,NA,NA,NA,0.200005393,0.46365435,NA,NA,NA,0.038788925
58,0.185,0.0732645,0.0134,13.4,0.0054675,0.54675,0.832,0.3874656,0.0237,23.7,0.016348759,1.634875949,Santa14-2018,Santa,10,2x-G,High,0.560117171,11,NA,0.069,1.114,Y,2x-G,2x-G,44.3,0.1328,0.0359,4.76,0.0476,1.325905292,9.37,0.270331325,51.2,0.1312,0.0372,4.92,0.0492,1.322580645,9.91,0.283536585,47.9,0.135,0.0342,4.83,0.0483,1.412280702,9.43,0.253333333,0.035766667,47.8,1.679427897,0.269067081,0.54534931,0.042564354,1.35358888,0.131486778,0,0,1,0,1,0.6278,0.670364354,0.2053,0.875664354,-0.057662329,NA,NA,NA,0.306251367,NA,NA,NA,0.0638,0.1415,0,0.765549438,1.065346633,NA,NA,NA,0.234450562,0.505449694,NA,NA,NA,0.072858967,0.273314103,NA,NA,NA,0.161591595,0.413683216,NA,NA,NA,0.040845179
83,0.412,0.1845556,0.0205,20.5,0.009002712,0.90027122,0.897,0.4082861,0.026,26,0.015703312,1.570331154,KB2-8,KB,11,2x-G,High,0.947904401,18,NA,0.1054,1.055,Y,2x-G,2x-G,51.2,0.1992,0.0572,5.94,0.0594,1.038461538,10.78,0.287148594,55.7,0.1843,0.0533,5.19,0.0519,0.973733583,9.57,0.289202387,47.4,0.1645,0.0459,5.39,0.0539,1.174291939,9.87,0.279027356,0.052133333,51.43333333,1.711244671,0.285126112,0.563291451,0.006410091,1.062162353,0.026190904,0,0,0,0,0,0.7409,0.747310091,0.4045,1.151810091,0.061380879,NA,NA,NA,0.541274639,NA,NA,NA,0.1322,0.2723,0,0.648813634,0.936501326,NA,NA,NA,0.351186366,0.634295001,NA,NA,NA,0.114775865,0.345626154,NA,NA,NA,0.2364105,0.507759488,NA,NA,NA,0.045262091
135,0.367,0.1697085,0.0229,22.9,0.007410852,0.741085153,0.983,0.4626165,0.0314,31.4,0.01473301,1.473300955,Cheney4-2018,Cheney,7,2x-G,Control,0.471325881,12,NA,0.0959,1.215,Y,2x-G,2x-G,44.1,0.1216,0.0463,4.46,0.0446,0.963282937,9.1,0.380756579,41.8,0.1146,0.0415,3.16,0.0316,0.761445783,7.62,0.362129145,38.8,0.0847,0.0329,3.19,0.0319,0.969604863,7.4,0.388429752,0.040233333,41.56666667,1.618745199,0.377105159,0.661231022,0.036983354,0.898111194,-0.046669891,0,0,0,0,0,0.1325,0.169483354,0.1726,0.342083354,-0.465868058,NA,NA,NA,1.018389098,NA,NA,NA,0.0596,0.113,0,0.49544461,0.78084271,NA,NA,NA,0.50455539,0.789953616,NA,NA,NA,0.174226542,0.430587261,NA,NA,NA,0.330328847,0.612289349,NA,NA,NA,0.117612659
360,0.223,0.1413157,0.0238,23.8,0.005937634,0.593763445,1.138,0.536319,0.0273,27.3,0.019645385,1.964538462,Blue14-2018,Blue,16,4x,High,0.593733897,9,NA,0.0898,1.164,Y,2x-G,2x-G,50.5,0.251,0.0589,7.47,0.0747,1.268251273,12.16,0.234661355,52.8,0.2643,0.0628,7.9,0.079,1.257961783,12.55,0.237608778,50.9,0.265,0.0615,7.71,0.0771,1.253658537,12.62,0.232075472,0.061066667,51.4,1.710963119,0.234781868,0.505840607,0.02461546,1.259957198,0.100355792,1,1,1,1,4,0.8517,0.87631546,0.4928,1.36911546,0.136440075,NA,NA,NA,0.562354566,NA,NA,NA,0.2078,0.285,0,0.640059575,0.927357276,NA,NA,NA,0.359940425,0.64343905,NA,NA,NA,0.151776827,0.400181442,NA,NA,NA,0.208163598,0.473775866,NA,NA,NA,0.044603007
71,0.248,0.1029816,0.0134,13.4,0.007685194,0.768519403,NA,NA,NA,NA,NA,NA,Santa9-2018,Santa,15,2x-G,High,0.673254161,14,NA,0.1041,1.234,Y,2x-G,2x-G,33.2,0.1016,0.0285,4.15,0.0415,1.456140351,9.55,0.280511811,35.8,0.1156,0.031,3.9,0.039,1.258064516,8.63,0.26816609,NA,NA,0.0318,4.58,0.0458,1.440251572,9.47,NA,0.030433333,34.5,1.537819095,0.274338951,0.551274985,0.010436448,1.384818813,0.141392955,0,1,0,0,1,0.6403,0.650736448,0.285,0.935736448,-0.028846454,NA,NA,NA,0.437965325,NA,NA,NA,0.1416,0.1434,0,0.695427061,0.986177837,NA,NA,NA,0.304572939,0.58461849,NA,NA,NA,0.15132466,0.399550954,NA,NA,NA,0.153248279,0.402227877,NA,NA,NA,0.032523402
109,0.036,0.0467124,0.024,24,0.00194635,0.194635,NA,NA,NA,NA,NA,NA,Santa16-2018,Santa,5,2x-G,Control,0.991862775,20,NA,0.0816,0.915,Y,2x-G,2x-G,45.3,0.1072,0.0346,3.66,0.0366,1.057803468,7.64,0.322761194,44.7,0.109,0.0361,3.59,0.0359,0.994459834,7.53,0.331192661,43.4,0.1079,0.0354,3.83,0.0383,1.081920904,8.04,0.328081557,0.035366667,44.46666667,1.648034575,0.327345137,0.609113768,0.033753975,1.044728069,0.019003263,0,0,0,0,0,0.1563,0.190053975,0.1733,0.363353975,-0.439670084,NA,NA,NA,0.911846227,NA,NA,NA,0.0809,0.0924,0,0.523054619,0.808460959,NA,NA,NA,0.476945381,0.762335367,NA,NA,NA,0.222647901,0.491394457,NA,NA,NA,0.254297479,0.528547021,NA,NA,NA,0.097333921
119,0.597,0.2785901,0.0233,23.3,0.011956657,1.195665665,NA,NA,NA,NA,NA,NA,Santa16-2018,Santa,15,2x-G,High,0.031761179,1,NA,0.0571,1.088,Y,2x-G,2x-G,51.8,0.1653,0.0382,5.28,0.0528,1.382198953,10.08,0.231094979,52.7,0.1384,0.0347,4.89,0.0489,1.409221902,9.49,0.250722543,NA,NA,0.0285,4.27,0.0427,1.498245614,9.37,NA,0.0338,52.25,1.718086295,0.240908761,0.513035916,0.031375455,1.429888823,0.155302271,0,0,0,0,0,0.6851,0.716475455,0.1778,0.894275455,-0.048528689,NA,NA,NA,0.248159234,NA,NA,NA,0.0626,0.1152,0,0.801179828,1.10862514,NA,NA,NA,0.198820172,0.462171187,NA,NA,NA,0.070000803,0.267764901,NA,NA,NA,0.128819369,0.367104271,NA,NA,NA,0.037795961
179,0.566,0.264333,0.0356,35.6,0.007425084,0.742508427,NA,NA,NA,NA,NA,NA,Blue2-2018,Blue,11,2x-G,High,0.936158591,17,NA,0.0709,1.142,Y,2x-G,2x-G,64.8,0.2169,0.0632,6.85,0.0685,1.083860759,11.41,0.291378515,58.7,0.2119,0.0627,6.86,0.0686,1.094098884,11.37,0.29589429,57.8,0.2299,0.0689,7.07,0.0707,1.026124819,11.94,0.29969552,0.064933333,60.43333333,1.781276549,0.295656108,0.574890249,0.019261564,1.068028154,0.028582701,0,0,0,0,0,0.9668,0.986061564,0.5036,1.489661564,0.173087612,NA,NA,NA,0.510718619,NA,NA,NA,0.1688,0.3348,0,0.661936636,0.950308447,NA,NA,NA,0.338063364,0.62048788,NA,NA,NA,0.113314329,0.343327162,NA,NA,NA,0.224749036,0.493915489,NA,NA,NA,0.043589319
192,0.251,0.1043967,0.0163,16.3,0.006404706,0.640470552,NA,NA,NA,NA,NA,NA,Blue19-2018,Blue,16,2x-G,High,0.161535103,5,NA,0.0912,1.004,Y,2x-G,2x-G,44.9,0.2248,0.0545,7.76,0.0776,1.423853211,12.15,0.242437722,44.6,0.2131,0.0524,7.1,0.071,1.354961832,11.5,0.245893947,44,0.2212,0.0539,7.28,0.0728,1.350649351,12.06,0.243670886,0.0536,44.5,1.648360011,0.244000852,0.516643402,0.041938202,1.376488131,0.138772471,0,1,0,0,1,0.9817,1.023638202,0.4629,1.486538202,0.172176074,NA,NA,NA,0.452210556,NA,NA,NA,0.1974,0.2655,0,0.688605379,0.978789522,NA,NA,NA,0.311394621,0.592006805,NA,NA,NA,0.132791744,0.372994881,NA,NA,NA,0.178602877,0.436327981,NA,NA,NA,0.036056927
348,0.424,0.1900912,0.0289,28.9,0.00657755,0.657755017,NA,NA,NA,NA,NA,NA,Blue11-2018,Blue,12,4x,High,0.256859485,5,NA,0.0456,1.132,Y,2x-G,2x-G,46.7,0.1897,0.0486,7.11,0.0711,1.462962963,11.54,0.256193991,48,0.2248,0.0595,8.05,0.0805,1.352941176,12.57,0.264679715,48.5,0.2207,0.0596,7.5,0.075,1.258389262,12.41,0.270049841,0.0559,47.73333333,1.678821763,0.263641182,0.539212061,0.009698052,1.3580978,0.132931046,1,1,1,1,4,1.0699,1.079598052,0.4779,1.557498052,0.192427512,NA,NA,NA,0.442664748,NA,NA,NA,0.2271,0.2508,0,0.693161735,0.983719294,NA,NA,NA,0.306838265,0.587077033,NA,NA,NA,0.145810776,0.391799067,NA,NA,NA,0.161027489,0.412916384,NA,NA,NA,0.035890896
377,0.025,0.0048275,0.0084,8.4,0.000574702,0.057470238,NA,NA,NA,NA,NA,NA,Blue5-2018,Blue,21,4x,Low,0.912950104,18,NA,NA,NA,,,2x-G,NA,NA,NA,0.48,0.0048,NA,2.89,NA,37.2,0.0165,0.0032,0.61,0.0061,NA,3.15,0.193939394,38.6,0.0173,0.0056,NA,NA,NA,NA,0.323699422,0.0044,37.9,1.57863921,0.258819408,0.533724054,0.020381944,NA,NA,1,1,1,1,4,0.0084,0.028781944,0.0055,0.034281944,-1.464934559,NA,NA,NA,0.191092026,NA,NA,NA,6.00E-04,0.0049,0,0.839565691,1.158687468,NA,NA,NA,0.160434309,0.412108859,NA,NA,NA,0.017501925,0.132683815,NA,NA,NA,0.142932384,0.387704185,NA,NA,NA,0.128347447
396,0.198,0.1286682,0.0221,22.1,0.00582209,0.58220905,NA,NA,NA,NA,NA,NA,Blue8-2018,Blue,12,4x,High,0.900074974,19,NA,0.04,1.028,Y,2x-G,2x-G,50.4,0.2393,0.0596,7.92,0.0792,1.32885906,12.96,0.249059758,55.2,0.2477,0.0649,7.98,0.0798,1.229583975,13.38,0.262010497,53.3,0.2039,0.0595,7.14,0.0714,1.2,13.22,0.291809711,0.061333333,52.96666667,1.724002643,0.267626655,0.54372391,0.021630677,1.252814345,0.097886718,1,1,1,1,4,1.0223,1.043930677,0.6035,1.647430677,0.216807149,NA,NA,NA,0.578103521,NA,NA,NA,0.1826,0.4209,0,0.633671991,0.920715977,NA,NA,NA,0.366328009,0.65008035,NA,NA,NA,0.110839262,0.339404168,NA,NA,NA,0.255488747,0.529913779,NA,NA,NA,0.03722969