Accession,Population,Tray,Ploidy,Plant_ID,Treatment,Cytotype,leaf_1_chlorophyll,leaf_1_fresh_mass,leaf_1_dry_mass,leaf_1_area_cm,leaf_1_area_m,leaf_1_SLA,leaf_1_perimeter_cm,leaf_1_DMC,leaf_2_chlorophyll,leaf_2_fresh_mass,leaf_2_dry_mass,leaf_2_area_cm,leaf_2_area_m,leaf_2_SLA,leaf_2_perimeter,leaf_2_DMC,leaf_3_chlorophyll,leaf_3_fresh_mass,leaf_3_dry_mass,leaf_3_area,leaf_3_area_m,leaf_3_SLA,leaf_3_perimeter,leaf_3_DMC,avg_leaf_area_cm,avg_leaf_dry_mass,avg_chlorophyll,log_avg_chlorophyll,avg_DMC,est_flo_dry_leaf_weight,avg_SLA,log_avg_SLA,leaf_curl,whorled_leaf,tick_stem,thick_leaf,Sum,aboveground_dry_mass,total_aboveground_biomass,belowground_dry_mass,total_biomass_g,log_Total_biomass_g,root_to_shoot_raio,rhizome_weight,fine_roots_weight,Died,normalized_aboveground_mass,normalized_belowground_mass,normalized_rhizome_mass,normalized_fine_roots_mass,normalized_avg_leaf_dry_mass
Blue2-1,Blue,5,2x,205,C,Diploid,NA,NA,NA,NA,NA,NA,NA,NA,NA,NA,NA,NA,NA,NA,NA,NA,NA,NA,NA,NA,NA,NA,NA,NA,NA,NA,NA,NA,NA,NA,NA,NA,0,1,1,0,2,NA,NA,NA,NA,NA,NA,NA,NA,0,NA,NA,NA,NA,NA
Blue2-2,Blue,2,2x,218,C,Diploid,NA,NA,NA,NA,NA,NA,NA,NA,NA,NA,NA,NA,NA,NA,NA,NA,NA,NA,NA,NA,NA,NA,NA,NA,NA,NA,NA,NA,NA,NA,NA,NA,0,0,0,0,0,NA,NA,NA,NA,NA,NA,NA,NA,1,NA,NA,NA,NA,NA
Blue6-2018,Blue,1,2x,241,C,Diploid,40.5,0.0491,0.0154,2.03,0.0203,1.318181818,6.24,0.313645621,41.3,0.0662,0.0184,2.52,0.0252,1.369565217,6.9,0.277945619,NA,NA,NA,NA,NA,NA,NA,NA,0.02275,0.0169,40.9,1.611723308,0.29579562,NA,1.343873518,0.128358396,0,0,1,0,1,0.1039,0.1039,0.1133,0.2172,-0.663140179,1.090471607,0.0707,0.0426,0,0.478360958,0.521639042,0.325506446,0.196132597,0.077808471
Blue1-3,Blue,1,2x,193,C,Diploid,52.2,0.0994,0.0279,3.62,0.0362,1.297491039,8.4,0.280684105,48.3,0.0786,0.0227,2.96,0.0296,1.303964758,7.48,0.288804071,NA,NA,NA,NA,NA,NA,NA,NA,0.0329,0.0253,50.25,1.701136066,0.284744088,NA,1.300727899,0.114186455,1,1,1,1,4,0.2254,0.2254,0.2273,0.4527,-0.344189506,1.008429459,0.141,0.0863,0,0.49790148,0.50209852,0.311464546,0.190633974,0.055886901
Blue6-2018,Blue,3,2x,243,C,Diploid,37.2,0.0643,0.0183,2.33,0.0233,1.273224044,6.58,0.284603421,41.3,0.0641,0.0197,2.52,0.0252,1.279187817,7.07,0.307332293,NA,NA,NA,NA,NA,NA,NA,NA,0.02425,0.019,39.25,1.593839661,0.295967857,NA,1.276205931,0.105920759,0,1,0,0,1,0.121,0.121,0.137,0.258,-0.588380294,1.132231405,0.0886,0.0484,0,0.468992248,0.531007752,0.343410853,0.187596899,0.073643411
Blue1-3,Blue,3,2x,195,C,Diploid,47.1,0.0596,0.0177,2.26,0.0226,1.276836158,6.47,0.296979866,40.5,0.0553,0.0173,2.18,0.0218,1.260115607,6.4,0.31283906,NA,NA,NA,NA,NA,NA,NA,NA,0.0222,0.0175,43.8,1.641474111,0.304909463,NA,1.268475883,0.103282215,1,1,1,1,4,0.0934,0.0934,0.0748,0.1682,-0.774174009,0.800856531,0.0537,0.0211,0,0.55529132,0.44470868,0.319262782,0.125445898,0.104042806
Blue2-3,Blue,7,2x,231,C,Diploid,51.2,0.0976,0.0297,3.49,0.0349,1.175084175,8.56,0.304303279,47.8,0.0866,0.026,3.18,0.0318,1.223076923,8.13,0.300230947,48.3,0.0986,0.0284,3.63,0.0363,1.278169014,8.73,0.288032454,0.034333333,0.028033333,49.1,1.691081492,0.297522227,0.038829158,1.225443371,0.088293247,1,1,1,1,4,0.1111,0.149929158,0.0662,0.216129158,-0.665286638,0.441541865,0.0288,0.0374,0,0.693701671,0.306298329,0.133253654,0.173044675,0.129706391
Blue6-2018,Blue,2,2x,242,C,Diploid,38.8,0.0634,0.0208,2.43,0.0243,1.168269231,6.99,0.32807571,39.1,0.0658,0.0207,2.49,0.0249,1.202898551,7.11,0.314589666,38.1,0.059,0.0202,2.44,0.0244,1.207920792,7.28,0.342372881,0.024533333,0.020566667,38.66666667,1.587336735,0.328346086,0.022700946,1.193029525,0.076651192,0,0,0,0,0,0.1026,0.125300946,0.2062,0.331500946,-0.479515228,1.645638015,0.1201,0.0861,0,NA,0.622019341,0.362291575,0.259727766,0.062041051
Blue2-1,Blue,7,2x,207,C,Diploid,47.4,0.0541,0.0176,2.01,0.0201,1.142045455,6.46,0.325323475,48.9,0.0664,0.0204,2.4,0.024,1.176470588,6.83,0.307228916,51.2,0.0638,0.02,2.33,0.0233,1.165,6.56,0.313479624,0.022466667,0.019333333,49.16666667,1.691670766,0.315344005,0.037553855,1.161172014,0.06489656,1,1,0,0,2,0.1204,0.157953855,0.0784,0.236353855,-0.62643731,0.496347493,0.0391,0.0393,0,0.668293965,0.331706035,0.165429923,0.166276112,0.081798255
Blue1-3,Blue,2,2x,194,C,Diploid,50.5,0.0668,0.0226,2.37,0.0237,1.048672566,6.59,0.338323353,52.3,0.0589,0.0202,2.21,0.0221,1.094059406,6.38,0.34295416,NA,NA,NA,NA,NA,NA,NA,NA,0.0229,0.0214,51.4,1.710963119,0.340638757,NA,1.071365986,0.029937854,0,0,0,0,0,0.0972,0.0972,0.1136,0.2108,-0.676129393,1.16872428,0.0635,0.0501,0,0.461100569,0.538899431,0.301233397,0.237666034,0.101518027
Blue2-1,Blue,8,2x,208,C,Diploid,50.2,0.0873,0.0289,3.13,0.0313,1.083044983,7.5,0.331042383,47.2,0.0855,0.0302,3.13,0.0313,1.036423841,7.66,0.353216374,NA,NA,NA,NA,NA,NA,NA,NA,0.0313,0.02955,48.7,1.687528961,0.342129379,NA,1.059734412,0.025197037,0,1,0,0,1,0.1997,0.1997,0.1055,0.3052,-0.515415471,0.528292439,0.0751,0.0304,0,0.654325033,0.345674967,0.246068152,0.099606815,0.096821756
Blue6-2018,Blue,4,2x,244,C,Diploid,45.1,0.0907,0.0344,3.55,0.0355,1.031976744,8.11,0.379272326,44.5,0.092,0.0351,3.63,0.0363,1.034188034,8.02,0.381521739,NA,NA,NA,NA,NA,NA,NA,NA,0.0359,0.03475,44.8,1.651278014,0.380397033,NA,1.033082389,0.014134958,1,1,1,1,4,0.2117,0.2117,0.1873,0.399,-0.399027104,0.88474256,0.1077,0.0796,0,0.530576441,0.469423559,0.269924812,0.199498747,0.087092732
Blue2-2,Blue,1,2x,217,C,Diploid,45.2,0.0999,0.035,3.53,0.0353,1.008571429,8.57,0.35035035,43.3,0.1081,0.0343,3.58,0.0358,1.043731778,8.12,0.317298797,NA,NA,NA,NA,NA,NA,NA,NA,0.03555,0.03465,44.25,1.645913275,0.333824574,NA,1.026151604,0.011211528,0,1,0,0,1,0.2596,0.2596,0.1567,0.4163,-0.380593589,0.603620955,0.1007,0.056,0,0.623588758,0.376411242,0.241892866,0.134518376,0.083233245
Blue2-3,Blue,5,2x,229,C,Diploid,52.5,0.0785,0.025,2.7,0.027,1.08,6.73,0.318471338,54.3,0.0772,0.0268,2.61,0.0261,0.973880597,6.83,0.347150259,52.5,0.0829,0.0274,2.77,0.0277,1.010948905,6.98,0.330518697,0.026933333,0.0264,53.1,1.725094521,0.332046765,0.029204101,1.021609834,0.009285065,0,1,0,0,1,0.1031,0.132304101,0.1026,0.234904101,-0.629109401,0.775486166,0.0533,0.0493,0,0.563226016,0.436773984,0.226901105,0.209872879,0.112386288
Blue2-2,Blue,3,2x,219,C,Diploid,53.1,0.0924,0.031,3.22,0.0322,1.038709677,7.66,0.335497835,50.6,0.0906,0.0324,3.2,0.032,0.987654321,7.88,0.357615894,NA,NA,NA,NA,NA,NA,NA,NA,0.0321,0.0317,51.85,1.714748761,0.346556865,NA,1.013181999,0.005687465,0,1,0,0,1,0.1516,0.1516,0.1043,0.2559,-0.591929714,0.687994723,0.0636,0.0407,0,0.592418914,0.407581086,0.248534584,0.159046503,0.123876514
Blue2-1,Blue,6,2x,206,C,Diploid,48.4,0.0958,0.034,3.37,0.0337,0.991176471,8.37,0.354906054,53.7,0.0992,0.0333,3.39,0.0339,1.018018018,8.57,0.335685484,NA,NA,NA,NA,NA,NA,NA,NA,0.0338,0.03365,51.05,1.707995746,0.345295769,NA,1.004597245,0.001991983,0,0,0,0,0,0.2652,0.2652,0.1675,0.4327,-0.363813105,0.631598793,0.1004,0.0671,0,0.612895771,0.387104229,0.232031431,0.155072799,0.077767506
Blue1-3,Blue,4,2x,196,C,Diploid,50.4,0.1228,0.0442,4.17,0.0417,0.943438914,9.22,0.359934853,48,0.1059,0.0368,3.73,0.0373,1.013586957,8.71,0.347497639,NA,NA,NA,NA,NA,NA,NA,NA,0.0395,0.0405,49.2,1.691965103,0.353716246,NA,0.978512936,-0.009433429,0,0,0,0,0,0.2703,0.2703,0.168,0.4383,-0.358228529,0.621531632,0.0937,0.0743,0,0.61670089,0.38329911,0.213780516,0.169518595,0.092402464
Blue2-3,Blue,8,2x,232,C,Diploid,49.1,0.0853,0.0325,3.04,0.0304,0.935384615,8.01,0.381008206,50.9,0.0893,0.0312,2.95,0.0295,0.945512821,7.6,0.349384099,NA,NA,NA,NA,NA,NA,NA,NA,0.02995,0.03185,50,1.698970004,0.365196153,NA,0.940448718,-0.026664881,1,1,1,1,4,0.2181,0.2181,0.147,0.3651,-0.437588167,0.674002751,0.0744,0.0726,0,0.597370583,0.402629417,0.203779786,0.19884963,0.087236374
Blue2-2,Blue,4,2x,220,C,Diploid,46.5,0.094,0.0346,3.28,0.0328,0.947976879,8.47,0.368085106,49.9,0.1216,0.0454,3.91,0.0391,0.86123348,8.95,0.373355263,NA,NA,NA,NA,NA,NA,NA,NA,0.03595,0.04,48.2,1.683047038,0.370720185,NA,0.90460518,-0.04354093,0,0,0,0,0,0.3462,0.3462,0.1195,0.4657,-0.331893762,0.345176199,0.0652,0.0543,0,0.743397037,0.256602963,0.140004295,0.116598669,0.085892205
Blue2-2,Blue,9,2x,225,H,Diploid,40.6,0.0749,0.0172,3.18,0.0318,NA,7.22,0.229639519,38.5,0.1156,0.0247,4.12,0.0412,NA,9.32,0.21366782,41,0.083,0.0176,3.5,0.035,NA,7.75,0.212048193,0.036,0.019833333,40.03333333,1.602421753,0.218451844,0.01351786,NA,0.263674705,0,0,1,0,1,0.7249,0.73841786,0.2151,0.95351786,-0.020671168,0.29129848,0.0536,0.1615,0,0.774414294,0.225585706,0.056212896,0.169372811,0.020800169
Blue2-3,Blue,16,2x,240,H,Diploid,52.4,0.1407,0.0311,5.04,0.0504,1.620578778,10.14,0.221037669,45,0.1511,0.0336,5.53,0.0553,1.645833333,10.7,0.222369292,45.8,0.1538,0.0342,5.6,0.056,1.637426901,10.68,0.22236671,0.0539,0.032966667,47.73333333,1.678821763,0.221924557,0.010106016,1.634613004,0.21341495,0,0,1,0,1,0.8233,0.833406016,0.2088,1.042206016,0.017953576,0.250538148,0.0659,0.1429,0,0.799655733,0.200344267,0.06323126,0.137113006,0.031631622
Blue2-3,Blue,15,2x,239,H,Diploid,41.3,0.094,0.023,3.57,0.0357,1.552173913,7.94,0.244680851,38.4,0.1133,0.0273,3.98,0.0398,1.457875458,9.03,0.240953222,NA,NA,0.0289,4.28,0.0428,1.480968858,9.11,NA,0.039433333,0.0264,39.85,1.600428326,0.242817037,0.005669554,1.497006076,0.175223563,0,0,1,0,1,0.4985,0.504169554,0.1432,0.647369554,-0.188847729,0.284031431,0.0527,0.0905,0,0.778797135,0.221202865,0.081406362,0.139796503,0.040780416
Blue2-1,Blue,15,2x,215,H,Diploid,39,0.1224,0.0275,3.84,0.0384,1.396363636,8.4,0.224673203,35.8,0.1302,0.0295,4.21,0.0421,1.427118644,8.7,0.226574501,35.7,0.1153,0.0276,4.1,0.041,1.485507246,8.85,0.239375542,0.0405,0.0282,36.83333333,1.566241023,0.230207749,0.036164385,1.436329842,0.157254184,0,1,0,0,1,0.3266,0.362764385,0.149,0.511764385,-0.290929941,0.410734918,0.0671,0.0819,0,0.708850392,0.291149608,0.131115025,0.160034583,0.055103483
Blue2-1,Blue,14,2x,214,H,Diploid,51.1,0.227,0.0568,7.41,0.0741,1.304577465,12.71,0.250220264,44.8,0.1605,0.0416,6,0.06,1.442307692,11.68,0.259190031,NA,NA,0.0551,7.36,0.0736,1.335753176,12.38,NA,0.069233333,0.051166667,47.95,1.680788612,0.254705148,0.008409643,1.360879444,0.133819654,0,0,0,0,0,0.8234,0.831809643,0.2067,1.038509643,0.016410533,0.248494354,0.0883,0.1184,0,0.800964775,0.199035225,0.085025691,0.114009534,0.049269323
Blue1-3,Blue,10,2x,202,H,Diploid,52.9,0.2759,0.062,8.4,0.084,1.35483871,12.84,0.224719101,50.3,0.211,0.0462,6.43,0.0643,1.391774892,11.11,0.218957346,54.2,0.2677,0.0638,8.5,0.085,1.332288401,12.9,0.238326485,0.077766667,0.057333333,52.46666667,1.719883473,0.227334311,0.015429903,1.359634001,0.133422017,1,1,0,1,3,0.6684,0.683829903,0.2348,0.918629903,-0.036859422,0.343360241,0.0884,0.1464,0,0.744401963,0.255598037,0.096230266,0.159367771,0.062411786
Blue2-1,Blue,16,2x,216,H,Diploid,50.7,0.1803,0.0481,6.01,0.0601,1.249480249,11.79,0.266777593,48.1,0.1692,0.0406,5.65,0.0565,1.391625616,10.78,0.239952719,48.3,0.155,0.0393,5.4,0.054,1.374045802,10.93,0.253548387,0.056866667,0.042666667,49.03333333,1.690491418,0.253426233,0.01370902,1.338383889,0.1265807,0,0,0,0,0,0.5268,0.54050902,0.1239,0.66440902,-0.17756448,0.229228367,0.0431,0.0808,0,0.813518486,0.186481514,0.064869679,0.121611835,0.064217471
Blue1-3,Blue,9,2x,201,H,Diploid,39.5,0.1878,0.0438,5.7,0.057,1.301369863,10.97,0.233226837,39.7,0.1633,0.039,5.06,0.0506,1.297435897,9.73,0.23882425,38.2,0.2047,0.0452,6.16,0.0616,1.362831858,11.47,0.220810943,0.0564,0.042666667,39.13333333,1.592546842,0.23095401,0.015640712,1.320545873,0.120753492,0,0,0,0,0,0.5212,0.536840712,0.1788,0.715640712,-0.145304961,0.333059688,0.051,0.1278,0,0.750153957,0.249846043,0.071264811,0.178581232,0.059620234
Blue2-2,Blue,12,2x,228,H,Diploid,55.7,0.1926,0.0546,6.32,0.0632,1.157509158,11.62,0.283489097,48.8,0.16,0.036,5.69,0.0569,1.580555556,10.65,0.225,57.7,0.2062,0.0548,6.69,0.0669,1.22080292,11.51,0.265761397,0.062333333,0.048466667,54.06666667,1.732929595,0.258083498,0.002891375,1.319622545,0.120449727,0,0,1,0,1,1.0194,1.022291375,0.2118,1.234091375,0.091347317,0.207181636,0.0702,0.1416,0,0.828375755,0.171624245,0.056883956,0.114740288,0.039273159
Blue1-3,Blue,11,2x,203,H,Diploid,41.1,0.1705,0.0482,6,0.06,1.244813278,10.18,0.282697947,43,0.1997,0.0516,6.95,0.0695,1.346899225,10.98,0.258387581,51.2,0.2181,0.0547,7.05,0.0705,1.288848263,11.11,0.250802384,0.066666667,0.0515,45.1,1.654176542,0.263962637,0.012649909,1.293520255,0.111773234,0,1,0,0,1,0.8502,0.862849909,0.3533,1.216149909,0.084987112,0.409457075,0.1478,0.2055,0,0.709493051,0.290506949,0.12153107,0.168975879,0.042346753
Blue2-3,Blue,14,2x,238,H,Diploid,48.1,0.2005,0.0517,6.71,0.0671,1.29787234,12.59,0.257855362,50.8,0.1945,0.0551,6.88,0.0688,1.248638838,13.14,0.283290488,NA,NA,0.0459,6.06,0.0606,1.320261438,11.41,NA,0.0655,0.0509,49.45,1.694166296,0.270572925,0.028776909,1.288924205,0.110227379,0,1,0,1,2,0.7441,0.772876909,0.3956,1.168476909,0.067620134,0.511853822,0.1713,0.2243,0,0.661439608,0.338560392,0.1466011,0.191959292,0.043560981
Blue1-3,Blue,12,2x,204,H,Diploid,53.9,0.2143,0.0562,6.9,0.069,1.227758007,12.66,0.262249183,52.9,0.1921,0.0481,6.24,0.0624,1.297297297,11.31,0.250390422,53.7,0.2186,0.0572,7.05,0.0705,1.232517483,11.78,0.261665142,0.0673,0.053833333,53.5,1.728353782,0.258101582,NA,1.252524262,0.097786147,1,0,0,0,1,0.8916,0.8916,0.3676,1.2592,0.100094715,0.412292508,0.1306,0.237,0,0.708068615,0.291931385,0.103716645,0.18821474,0.042752012
Blue6-2018,Blue,12,2x,252,H,Diploid,51.8,0.2724,0.0732,8.75,0.0875,1.195355191,12.88,0.268722467,50.4,0.2765,0.0712,9.15,0.0915,1.28511236,13.11,0.257504521,51.2,0.2062,0.0584,6.92,0.0692,1.184931507,12.01,0.283220175,0.082733333,0.0676,51.13333333,1.708704105,0.269815721,0.025934938,1.221799686,0.087000009,1,1,1,1,4,1.1323,1.158234938,0.6104,1.768634938,0.2476382,0.527008796,0.3002,0.3102,0,0.654875075,0.345124925,0.169735423,0.175389501,0.038221568
Blue6-2018,Blue,9,2x,249,H,Diploid,41,0.1913,0.0494,6.85,0.0685,1.386639676,11.08,0.258233142,42.8,0.1676,0.0477,5.57,0.0557,1.167714885,10.77,0.284606205,50.2,0.202,0.0605,6.57,0.0657,1.085950413,11.41,0.29950495,0.0633,0.052533333,44.66666667,1.649983544,0.280781432,0.021282329,1.213434991,0.084016514,1,1,1,1,4,0.8315,0.852782329,0.3178,1.170582329,0.068401964,0.372662506,0.1224,0.1954,0,0.728511193,0.271488807,0.104563342,0.166925465,0.044877948
Blue6-2018,Blue,11,2x,251,H,Diploid,51.1,0.1619,0.0453,5.39,0.0539,1.189845475,10.72,0.279802347,52.5,0.146,0.0421,4.82,0.0482,1.144893112,9.99,0.288356164,51.6,0.1734,0.0449,5.39,0.0539,1.200445434,9.93,0.25893887,0.052,0.0441,51.73333333,1.713770462,0.275699127,0.035054675,1.178394674,0.071290771,1,1,0,0,2,0.7315,0.766554675,0.4177,1.184254675,0.073445108,0.544905685,0.1875,0.2302,0,0.647288705,0.352711295,0.158327431,0.194383864,0.037238612
Blue2-3,Blue,13,2x,237,H,Diploid,44.3,0.1618,0.0407,4.95,0.0495,1.216216216,9.57,0.251545117,47,0.2062,0.056,5.83,0.0583,1.041071429,11.09,0.271580989,NA,NA,NA,NA,NA,NA,NA,NA,0.0539,0.04835,45.65,1.659440782,0.261563053,NA,1.128643823,0.052556909,0,1,0,0,1,0.556,0.556,0.1364,0.6924,-0.159642941,0.245323741,0.0555,0.0809,0,0.803004044,0.196995956,0.080155979,0.116839977,0.069829578
Blue6-2018,Blue,10,2x,250,H,Diploid,53.8,0.2118,0.0645,7.05,0.0705,1.093023256,11.86,0.304532578,52.5,0.1923,0.056,6.54,0.0654,1.167857143,10.87,0.291211648,54.1,0.2082,0.0614,6.82,0.0682,1.110749186,11.24,0.294908742,0.068033333,0.060633333,53.46666667,1.728083109,0.296884323,0.041976495,1.123876528,0.050718601,1,1,1,1,4,0.8609,0.902876495,0.3289,1.231776495,0.090531913,0.364280167,0.1196,0.2093,0,0.732987274,0.267012726,0.097095537,0.169917189,0.049224298
Blue2-1,Blue,13,2x,213,H,Diploid,50.1,0.1563,0.0474,5.43,0.0543,1.14556962,10.67,0.303262956,50.9,0.1293,0.0436,4.64,0.0464,1.064220183,9.74,0.337200309,NA,NA,NA,NA,NA,NA,NA,NA,0.05035,0.0455,50.5,1.703291378,0.320231633,NA,1.104894902,0.04332097,0,1,0,0,1,0.8123,0.8123,0.2803,1.0926,0.038461196,0.345069556,0.1668,0.1135,0,0.743455977,0.256544023,0.152663372,0.103880652,0.041643785
Blue2-2,Blue,11,2x,227,H,Diploid,49.5,0.2057,0.057,5.89,0.0589,1.033333333,11.52,0.277102577,53.6,0.2084,0.0564,6.19,0.0619,1.09751773,11.66,0.270633397,42.1,0.1795,0.05,5.68,0.0568,1.136,10.36,0.278551532,0.0592,0.054466667,48.4,1.684845362,0.275429169,0.007849802,1.088950354,0.03700808,1,1,0,0,2,0.8678,0.875649802,0.3238,1.199449802,0.078982077,0.369782531,0.101,0.2228,0,0.730042892,0.269957108,0.084205275,0.185751834,0.045409709
Blue2-2,Blue,10,2x,226,H,Diploid,55.6,0.2425,0.0768,7.31,0.0731,0.951822917,12.32,0.316701031,55.8,0.2426,0.077,7.27,0.0727,0.944155844,12.15,0.317394889,55.1,0.1926,0.0607,6.26,0.0626,1.031301483,10.84,0.315160955,0.069466667,0.0715,55.5,1.744292983,0.316418958,0.012302496,0.975760081,-0.010656953,0,0,0,0,0,0.6728,0.685102496,0.198,0.883102496,-0.053988888,0.289007851,0.1055,0.0925,0,0.775790465,0.224209535,0.119465182,0.104744353,0.080964554
Blue6-2018,Blue,18,2x,246,L,Diploid,NA,NA,NA,NA,NA,NA,NA,NA,NA,NA,NA,NA,NA,NA,NA,NA,NA,NA,NA,NA,NA,NA,NA,NA,NA,NA,NA,NA,NA,NA,NA,NA,0,1,0,0,1,0.0095,0.0095,0.0044,0.0139,-1.8569852,0.463157895,7.00E-04,0.0037,1,0.683453237,0.316546763,0.050359712,0.26618705,NA
Blue2-3,Blue,24,2x,236,L,Diploid,43.5,0.0333,0.0392,1.2,0.012,NA,4.53,NA,44.7,0.0301,0.0293,1.13,0.0113,NA,4.54,NA,NA,NA,NA,NA,NA,NA,NA,NA,0.01165,0.03425,44.1,1.644438589,NA,NA,NA,NA,0,0,0,0,0,0.0511,0.0511,0.0369,0.088,-1.055517328,0.722113503,0.0214,0.0155,0,0.580681818,0.419318182,0.243181818,0.176136364,0.389204545
Blue1-3,Blue,17,2x,197,L,Diploid,35.7,0.0304,0.009,1.25,0.0125,1.388888889,4.95,0.296052632,33.2,0.0361,0.0101,1.45,0.0145,1.435643564,5.29,0.279778393,NA,NA,NA,NA,NA,NA,NA,NA,0.0135,0.00955,34.45,1.537189226,0.287915513,0.023701543,1.412266227,0.149916573,0,0,0,0,0,0.059,0.082701543,0.0459,0.128601543,-0.890753821,0.555007783,0.0163,0.0296,0,0.643083598,0.356916402,0.12674809,0.230168311,0.074260384
Blue2-1,Blue,22,2x,210,L,Diploid,33.2,0.0298,0.0091,1.33,0.0133,1.461538462,5.15,0.305369128,32.8,0.0231,0.0081,1.06,0.0106,1.308641975,4.91,0.350649351,NA,NA,NA,NA,NA,NA,NA,NA,0.01195,0.0086,33,1.51851394,0.32800924,0.016790077,1.385090219,0.141478062,0,0,0,0,0,0.0617,0.078490077,0.0371,0.115590077,-0.937079447,0.472671214,0.0194,0.0177,0,0.679038193,0.320961807,0.167834476,0.153127331,0.07440085
Blue1-3,Blue,20,2x,200,L,Diploid,33.5,0.0158,0.0043,0.67,0.0067,1.558139535,3.42,0.272151899,NA,0.0144,0.0055,0.64,0.0064,1.163636364,3.42,0.381944444,NA,NA,NA,NA,NA,NA,NA,NA,0.00655,0.0049,33.5,1.525044807,0.327048172,0.018565629,1.36088795,0.133822369,0,0,0,0,0,0.0186,0.037165629,0.014,0.051165629,-1.291021683,0.376692131,0.0017,0.0123,0,0.726378816,0.273621184,0.03322543,0.240395755,0.095767414
Blue1-3,Blue,19,2x,199,L,Diploid,40.7,0.0341,0.0095,1.32,0.0132,1.389473684,5.06,0.278592375,41.4,0.0313,0.0087,1.15,0.0115,1.32183908,4.65,0.277955272,NA,NA,NA,NA,NA,NA,NA,NA,0.01235,0.0091,41.05,1.613313161,0.278273824,0.014024374,1.355656382,0.132149623,0,0,0,0,0,0.0594,0.073424374,0.0632,0.136624374,-0.864471815,0.860749592,0.039,0.0242,0,0.537417826,0.462582174,0.28545419,0.177127984,0.066605978
Blue2-2,Blue,20,2x,224,L,Diploid,43,0.0198,0.0067,0.82,0.0082,1.223880597,3.78,0.338383838,38.3,0.0237,0.0069,0.98,0.0098,1.420289855,4.09,0.291139241,NA,NA,NA,NA,NA,NA,NA,NA,0.009,0.0068,40.65,1.60906055,0.31476154,0.019738634,1.322085226,0.121259452,0,0,1,1,2,0.0173,0.037038634,0.0129,0.049938634,-1.301563341,0.348284983,0.0062,0.0067,0,0.741682962,0.258317038,0.124152375,0.134164663,0.136167121
Blue2-1,Blue,21,2x,209,L,Diploid,35.9,0.0196,0.0063,0.86,0.0086,1.365079365,4.2,0.321428571,35.6,0.0251,0.0076,0.97,0.0097,1.276315789,4.24,0.302788845,40.8,0.0236,0.0079,0.96,0.0096,1.215189873,4.31,0.334745763,0.0093,0.007266667,37.43333333,1.573258502,0.319654393,0.022860453,1.285528342,0.109081656,0,1,1,0,2,0.0447,0.067560453,0.043,0.110560453,-0.956400191,0.636467017,0.0272,0.0158,0,0.611072505,0.388927495,0.246019252,0.142908242,0.065725735
Blue2-1,Blue,23,2x,211,L,Diploid,33.8,0.0303,0.0085,1.16,0.0116,1.364705882,4.61,0.280528053,36.1,0.0324,0.0109,1.28,0.0128,1.174311927,4.91,0.336419753,NA,NA,NA,NA,NA,NA,NA,NA,0.0122,0.0097,34.95,1.54344718,0.308473903,0.012730214,1.269508905,0.103635752,0,0,0,0,0,0.0661,0.078830214,0.0543,0.133130214,-0.87572337,0.688822182,0.0328,0.0215,0,0.592128651,0.407871349,0.246375327,0.161496022,0.072860996
Blue6-2018,Blue,20,2x,248,L,Diploid,48.5,0.0384,0.0124,1.51,0.0151,1.217741935,5.27,0.322916667,45.1,0.0388,0.0125,1.62,0.0162,1.296,5.45,0.322164948,NA,NA,NA,NA,NA,NA,NA,NA,0.01565,0.01245,46.8,1.670245853,0.322540808,0.022252878,1.256870968,0.099290695,0,1,0,0,1,0.0555,0.077752878,0.0555,0.133252878,-0.875323402,0.713799944,0.029,0.0265,0,0.583498677,0.416501323,0.217631322,0.198870001,0.093431378
Blue2-2,Blue,18,2x,222,L,Diploid,41,0.0509,0.0165,1.88,0.0188,1.139393939,6.1,0.324165029,40.2,0.0504,0.0137,1.85,0.0185,1.350364964,5.94,0.271825397,NA,NA,NA,NA,NA,NA,NA,NA,0.01865,0.0151,40.6,1.608526034,0.297995213,0.011429798,1.244879452,0.095127299,0,0,0,0,0,0.087,0.098429798,0.0637,0.162129798,-0.790137158,0.647161747,0.0391,0.0246,0,0.60710492,0.39289508,0.241164798,0.151730282,0.093135255
Blue1-3,Blue,18,2x,198,L,Diploid,40.7,0.021,0.0062,0.8,0.008,1.290322581,3.78,0.295238095,45.7,0.0227,0.0076,0.85,0.0085,1.118421053,3.96,0.334801762,NA,NA,NA,NA,NA,NA,NA,NA,0.00825,0.0069,43.2,1.635483747,0.315019929,0.028861085,1.204371817,0.080760584,0,1,0,0,1,0.0324,0.061261085,0.012,0.073261085,-1.135126654,0.195882917,0.0029,0.0091,0,0.836202262,0.163797738,0.039584453,0.124213285,0.094183699
Blue2-3,Blue,23,2x,235,L,Diploid,35.9,0.0297,0.0106,1.28,0.0128,1.20754717,4.81,0.356902357,36.2,0.0344,0.0121,1.38,0.0138,1.140495868,5.14,0.351744186,NA,NA,NA,NA,NA,NA,NA,NA,0.0133,0.01135,36.05,1.556905269,0.354323272,0.014860246,1.174021519,0.069676057,1,0,0,0,1,0.0901,0.104960246,0.0573,0.162260246,-0.78978787,0.545920977,0.0292,0.0281,0,0.646863595,0.353136405,0.179957819,0.173178586,0.069949358
Blue6-2018,Blue,19,2x,247,L,Diploid,45.1,0.0499,0.015,1.73,0.0173,1.153333333,5.56,0.300601202,51.8,0.043,0.0143,1.6,0.016,1.118881119,5.26,0.33255814,NA,NA,NA,NA,NA,NA,NA,NA,0.01665,0.01465,48.45,1.685293781,0.316579671,0.011230452,1.136107226,0.055419322,0,0,0,0,0,0.0674,0.078630452,0.0623,0.140930452,-0.850995155,0.792313899,0.0309,0.0314,0,0.557937982,0.442062018,0.219257084,0.222804934,0.103951983
Blue2-3,Blue,21,2x,233,L,Diploid,NA,NA,NA,0.53,0.0053,NA,3.05,NA,NA,NA,0.0046,0.52,0.0052,1.130434783,3.03,NA,NA,NA,0.0044,NA,NA,NA,NA,NA,0.00525,0.0045,NA,NA,NA,NA,1.130434783,0.053245512,1,1,1,1,4,0.0181,0.0181,0.0126,0.0307,-1.512861625,0.696132597,0.0046,0.008,0,0.589576547,0.410423453,0.149837134,0.260586319,0.146579805
Blue2-1,Blue,24,2x,212,L,Diploid,41.4,0.0289,0.0097,1.09,0.0109,1.12371134,4.46,0.335640138,37.4,0.0286,0.0096,1.08,0.0108,1.125,4.76,0.335664336,NA,NA,NA,NA,NA,NA,NA,NA,0.01085,0.00965,39.4,1.595496222,0.335652237,0.015798357,1.12435567,0.050903714,0,0,0,0,0,0.0445,0.060298357,0.0293,0.089598357,-1.047699954,0.485917054,0.0149,0.0144,0,0.672985075,0.327014925,0.166297692,0.160717233,0.107702868
Blue6-2018,Blue,17,2x,245,L,Diploid,36.1,0.0151,0.007,0.69,0.0069,0.985714286,3.49,0.463576159,37.1,0.0193,0.0067,0.82,0.0082,1.223880597,3.91,0.347150259,NA,NA,NA,NA,NA,NA,NA,NA,0.00755,0.00685,36.6,1.563481085,0.405363209,0.009229773,1.104797442,0.04328266,0,1,0,0,1,0.0232,0.032429773,0.0355,0.067929773,-1.167939837,1.094673096,0.0164,0.0191,0,0.477401463,0.522598537,0.241425803,0.281172734,0.100839436
Blue2-2,Blue,17,2x,221,L,Diploid,43.8,0.0446,0.0144,1.55,0.0155,1.076388889,5.57,0.322869955,41.1,0.0471,0.0146,1.62,0.0162,1.109589041,5.62,0.309978769,NA,NA,NA,NA,NA,NA,NA,NA,0.01585,0.0145,42.45,1.627877695,0.316424362,0.014216766,1.092988965,0.038615777,0,1,0,0,1,0.093,0.107216766,0.0548,0.162016766,-0.790440041,0.511114092,0.0354,0.0194,0,0.6617634,0.3382366,0.218495906,0.119740694,0.08949691
Blue2-3,Blue,22,2x,234,L,Diploid,38.1,0.0413,0.0156,1.64,0.0164,1.051282051,5.46,0.377723971,35.6,0.0428,0.0144,1.62,0.0162,1.125,5.67,0.336448598,NA,NA,NA,NA,NA,NA,NA,NA,0.0163,0.015,36.85,1.566437492,0.357086285,0.009458718,1.088141026,0.036685185,0,0,0,0,0,0.0724,0.081858718,0.0439,0.125758718,-0.900461899,0.536289855,0.0181,0.0258,0,0.650918833,0.349081167,0.143926404,0.205154763,0.119276025
Blue2-2,Blue,19,2x,223,L,Diploid,43,0.0437,0.0135,1.48,0.0148,1.096296296,5.42,0.308924485,45.3,0.0364,0.0122,1.29,0.0129,1.057377049,4.89,0.335164835,NA,NA,NA,NA,NA,NA,NA,NA,0.01385,0.01285,44.15,1.644930708,0.32204466,0.014115199,1.076836673,0.032149838,0,1,0,0,1,0.0625,0.076615199,0.0395,0.116115199,-0.935110929,0.515563498,0.0231,0.0164,0,0.659820589,0.340179411,0.198940364,0.141239047,0.11066596
CheneyA-2018,Cheney,5,2x,277,C,Diploid,43.4,0.0755,0.024,2.67,0.0267,1.1125,6.76,0.317880795,44.3,0.0768,0.0239,2.77,0.0277,1.158995816,6.83,0.311197917,37.6,0.0789,0.0218,2.94,0.0294,1.348623853,7.16,0.276299113,0.027933333,0.023233333,41.76666667,1.620829816,0.301792608,0.020686567,1.206706556,0.081601672,0,0,0,0,0,0.091,0.111686567,0.1071,0.218786567,-0.659979346,0.958933584,0.0421,0.065,0,0.51048183,0.48951817,0.192424976,0.297093194,0.106191771
Cheney2-2018,Cheney,5,2x,253,C,Diploid,46.8,0.0724,0.0201,2.4,0.024,1.194029851,6.8,0.277624309,48.6,0.0694,0.0193,2.26,0.0226,1.170984456,6.61,0.278097983,45.1,0.0663,0.019,2.26,0.0226,1.189473684,6.67,0.286576169,0.023066667,0.019466667,46.83333333,1.670555069,0.280766154,0.022678794,1.18482933,0.073655796,0,0,1,0,1,0.0952,0.117878794,0.0809,0.198778794,-0.701629949,0.686298165,0.0486,0.0323,0,0.593014937,0.406985063,0.244492881,0.162492182,0.097931306
Cheney7-2018,Cheney,4,2x,268,C,Diploid,40.7,0.0719,0.0264,2.93,0.0293,1.109848485,7.34,0.367176634,41.9,0.0714,0.0243,2.79,0.0279,1.148148148,6.97,0.340336134,NA,NA,NA,NA,NA,NA,NA,NA,0.0286,0.02535,41.3,1.615950052,0.353756384,NA,1.128998317,0.052693295,0,0,0,0,0,0.2312,0.2312,0.1883,0.4195,-0.377268035,0.814446367,0.1027,0.0856,0,0.5511323,0.4488677,0.244815256,0.204052443,0.060429082
Cheney7-2018,Cheney,2,2x,266,C,Diploid,45.8,0.0726,0.0288,3.06,0.0306,1.0625,7.27,0.396694215,46.4,0.0663,0.024,2.64,0.0264,1.1,6.79,0.36199095,41.2,0.0642,0.0224,2.72,0.0272,1.214285714,6.68,0.348909657,0.028066667,0.025066667,44.46666667,1.648034575,0.369198274,0.02290563,1.125595238,0.051382247,0,0,0,0,0,0.159,0.18190563,0.1711,0.35300563,-0.452218368,0.940597605,0.0962,0.0749,0,0.515305181,0.484694819,0.2725169,0.212177919,0.071009256
Cheney2-2018,Cheney,6,2x,254,C,Diploid,47,0.0672,0.0242,2.51,0.0251,1.037190083,6.61,0.360119048,47.3,0.0621,0.0205,2.35,0.0235,1.146341463,6.32,0.330112721,NA,NA,NA,NA,NA,NA,NA,NA,0.0243,0.02235,47.15,1.673481697,0.345115885,NA,1.091765773,0.038129475,1,1,1,1,4,0.1536,0.1536,0.0801,0.2337,-0.631341288,0.521484375,0.0353,0.0448,0,0.657252888,0.342747112,0.151048353,0.191698759,0.09563543
CheneyA-2018,Cheney,6,2x,278,C,Diploid,45.9,0.0624,0.0228,2.56,0.0256,1.122807018,6.79,0.365384615,48.7,0.0777,0.0281,2.97,0.0297,1.056939502,7.19,0.361647362,NA,NA,NA,NA,NA,NA,NA,NA,0.02765,0.02545,47.3,1.674861141,0.363515989,NA,1.08987326,0.037375997,0,0,0,0,0,0.1574,0.1574,0.1205,0.2779,-0.556111453,0.765565438,0.0571,0.0634,0,0.566390788,0.433609212,0.205469593,0.228139619,0.091579705
Cheney7-2018,Cheney,1,2x,265,C,Diploid,40.5,0.0556,0.0187,2.12,0.0212,1.13368984,5.95,0.336330935,46.2,0.0719,0.0234,2.44,0.0244,1.042735043,6.62,0.325452017,NA,NA,NA,NA,NA,NA,NA,NA,0.0228,0.02105,43.35,1.636989102,0.330891476,NA,1.088212442,0.036713687,1,1,1,1,4,0.0791,0.0791,0.0648,0.1439,-0.841939206,0.819216182,0.0398,0.025,0,0.549687283,0.450312717,0.276580959,0.173731758,0.14628214
CheneyA-2018,Cheney,8,2x,280,C,Diploid,42.8,0.0758,0.0246,2.85,0.0285,1.158536585,7,0.324538259,45.7,0.0901,0.0333,3.29,0.0329,0.987987988,7.61,0.369589345,NA,NA,NA,NA,NA,NA,NA,NA,0.0307,0.02895,44.25,1.645913275,0.347063802,NA,1.073262287,0.030705869,0,0,0,0,0,0.2067,0.2067,0.1466,0.3533,-0.451856363,0.709240445,0.0767,0.0699,0,0.585055194,0.414944806,0.217095952,0.197848854,0.081941693
CheneyA-2018,Cheney,7,2x,279,C,Diploid,49.6,0.0966,0.0341,3.33,0.0333,0.976539589,7.88,0.35300207,48.7,0.0886,0.0305,3.16,0.0316,1.036065574,7.62,0.344243792,51.1,0.0778,0.0273,2.79,0.0279,1.021978022,7.39,0.350899743,0.030933333,0.030633333,49.8,1.697229343,0.349381868,0.017666634,1.011527728,0.004977792,1,1,1,1,4,0.1863,0.203966634,0.1488,0.352766634,-0.452512499,0.729531086,0.0816,0.0672,0,0.5781914,0.4218086,0.231314394,0.190494206,0.086837388
Cheney2-2018,Cheney,7,2x,255,C,Diploid,47.5,0.073,0.0299,2.74,0.0274,0.91638796,7.26,0.409589041,49.4,0.0766,0.0298,2.77,0.0277,0.929530201,7.21,0.389033943,40.9,0.0745,0.0271,3.03,0.0303,1.118081181,7.19,0.363758389,0.028466667,0.028933333,45.93333333,1.662127963,0.387460458,0.029747541,0.987999781,-0.005243152,0,0,1,0,1,0.1649,0.194647541,0.1475,0.342147541,-0.465786577,0.75777993,0.0646,0.0829,0,0.56889943,0.43110057,0.188807436,0.242293134,0.084563907
Cheney7-2018,Cheney,3,2x,267,C,Diploid,52.5,0.0753,0.0267,2.6,0.026,0.973782772,6.79,0.354581673,47.6,0.0943,0.0346,3.21,0.0321,0.927745665,7.48,0.366914104,NA,NA,NA,NA,NA,NA,NA,NA,0.02905,0.03065,50.05,1.699404082,0.360747889,NA,0.950764219,-0.021927171,0,1,1,1,3,0.093,0.093,0.1372,0.2302,-0.637894681,1.475268817,0.085,0.0522,0,0.403996525,0.596003475,0.369244136,0.22675934,0.133145091
Cheney2-2018,Cheney,8,2x,256,C,Diploid,54.9,0.0599,0.0246,2.27,0.0227,0.922764228,6.56,0.410684474,56,0.0645,0.0254,2.39,0.0239,0.940944882,6.65,0.39379845,NA,NA,NA,NA,NA,NA,NA,NA,0.0233,0.025,55.45,1.74390155,0.402241462,NA,0.931854555,-0.030651868,0,1,0,0,1,0.1682,0.1682,0.1335,0.3017,-0.52042469,0.793697979,0.0646,0.0689,0,0.557507458,0.442492542,0.214119987,0.228372556,0.082863772
CheneyA-2018,Cheney,16,2x,288,H,Diploid,42.2,0.1511,0.0346,5.28,0.0528,1.526011561,9.74,0.228987426,44.4,0.1466,0.0349,5.06,0.0506,1.449856734,9.35,0.238062756,45.4,0.1507,0.0351,5.23,0.0523,1.49002849,10.11,0.232913072,0.0519,0.034866667,44,1.643452676,0.233321085,0.018132385,1.488632262,0.172787427,0,1,0,0,1,0.3224,0.340532385,0.201,0.541532385,-0.266375566,0.590252231,0.0917,0.1093,0,0.628831062,0.371168938,0.169334286,0.201834651,0.064385193
CheneyA-2018,Cheney,13,2x,285,H,Diploid,37.3,0.1033,0.0258,3.7,0.037,1.434108527,8.24,0.249757986,38.8,0.1005,0.0256,3.51,0.0351,1.37109375,8.02,0.254726368,NA,NA,NA,NA,NA,NA,NA,NA,0.03605,0.0257,38.05,1.580354661,0.252242177,NA,1.402601139,0.146934187,0,1,0,1,2,0.4504,0.4504,0.1154,0.5658,-0.247337057,0.256216696,0.0523,0.0631,0,0.796041004,0.203958996,0.09243549,0.111523507,0.045422411
Cheney2-2018,Cheney,15,2x,263,H,Diploid,45.8,0.0893,0.0239,3.29,0.0329,1.376569038,7.8,0.267637178,48.4,0.1193,0.0286,3.85,0.0385,1.346153846,8.62,0.239731769,NA,NA,0.0274,3.96,0.0396,1.445255474,8.73,NA,0.037,0.026633333,47.1,1.673020907,0.253684474,0.010132743,1.389326119,0.1428042,0,1,1,0,2,0.5798,0.589932743,0.2147,0.804632743,-0.094402299,0.363939792,0.0819,0.1328,0,0.733170192,0.266829808,0.101785567,0.165044241,0.033099987
Cheney2-2018,Cheney,14,2x,262,H,Diploid,42.7,0.1501,0.04,5.97,0.0597,1.4925,10.41,0.266489007,46.4,0.1194,0.0413,5.3,0.053,1.283292978,10.13,0.345896147,NA,NA,0.0495,6.11,0.0611,1.234343434,11.01,NA,0.057933333,0.0436,44.55,1.648847708,0.306192577,0.008632394,1.336712137,0.126037891,0,0,1,0,1,0.7265,0.735132394,0.2989,1.034032394,0.014534144,0.406593428,0.1245,0.1744,0,0.710937489,0.289062511,0.120402417,0.168660093,0.042165023
Cheney2-2018,Cheney,13,2x,261,H,Diploid,46.4,0.1429,0.0427,5.59,0.0559,1.309133489,10.05,0.298810357,35.8,0.1138,0.0271,3.79,0.0379,1.398523985,8.52,0.238137083,NA,NA,0.0398,5.15,0.0515,1.293969849,9.55,NA,0.048433333,0.036533333,41.1,1.613841822,0.26847372,0.010498958,1.333875774,0.125115385,0,1,0,0,1,0.4596,0.470098958,0.236,0.706098958,-0.151134429,0.502021959,0.0945,0.1415,0,0.665769228,0.334230772,0.133833932,0.20039684,0.051739678
Cheney7-2018,Cheney,10,2x,274,H,Diploid,44.5,0.2204,0.0635,7.8,0.078,1.228346457,11.24,0.288112523,45.9,0.1823,0.0487,6.72,0.0672,1.379876797,11.36,0.267142074,44.2,0.1913,0.0589,6.7,0.067,1.137521222,11.17,0.307893361,0.070733333,0.057033333,44.86666667,1.651923805,0.287715986,0.004362692,1.248581492,0.096416893,0,0,1,1,2,0.8339,0.838262692,0.3113,1.149562692,0.060532661,0.371363301,0.0959,0.2154,0,0.729201372,0.270798628,0.083423027,0.187375601,0.049613069
Cheney2-2018,Cheney,16,2x,264,H,Diploid,48.2,0.1245,0.0334,4.1,0.041,1.22754491,8.88,0.268273092,50.8,0.164,0.0441,5.16,0.0516,1.170068027,10.07,0.268902439,47.7,0.1501,0.0399,5.21,0.0521,1.305764411,10.09,0.265822785,0.048233333,0.039133333,48.9,1.689308859,0.267666105,0.011821711,1.234459116,0.091476711,0,1,0,0,1,0.7077,0.719521711,0.2891,1.008621711,0.003728312,0.401794686,0.109,0.1801,0,0.71337123,0.28662877,0.108068267,0.178560503,0.038798821
Cheney7-2018,Cheney,11,2x,275,H,Diploid,51.2,0.1077,0.0282,3.97,0.0397,1.407801418,8.53,0.26183844,48.8,0.1707,0.0477,5.68,0.0568,1.190775681,10.36,0.27943761,46.3,0.1691,0.0528,5.66,0.0566,1.071969697,10.58,0.312241277,0.051033333,0.0429,48.76666667,1.688123071,0.284505776,0.015952603,1.223515599,0.087609511,0,0,1,0,1,0.735,0.750952603,0.235,0.985952603,-0.006143962,0.312935862,0.066,0.169,0,0.761651829,0.238348171,0.066940337,0.171407834,0.043511219
CheneyA-2018,Cheney,14,2x,286,H,Diploid,49,0.1439,0.0466,5.29,0.0529,1.135193133,9.91,0.323835997,48.9,0.2319,0.0651,8.08,0.0808,1.241167435,12.37,0.28072445,NA,NA,0.0419,5.13,0.0513,1.224343675,9.61,NA,0.061666667,0.0512,48.95,1.689752696,0.302280224,0.013103856,1.200234748,0.079266196,0,0,1,0,1,1.1191,1.132203856,0.3372,1.469403856,0.167141175,0.297826225,0.15,0.1872,0,0.770519181,0.229480819,0.102082215,0.127398604,0.034844063
Cheney7-2018,Cheney,12,2x,276,H,Diploid,48.7,0.2346,0.0736,8.08,0.0808,1.097826087,12.74,0.31372549,46.8,0.2389,0.0711,8.46,0.0846,1.189873418,13.12,0.297614064,49.6,0.2148,0.0756,7.16,0.0716,0.947089947,11.97,0.351955307,0.079,0.073433333,48.36666667,1.684546158,0.321098287,0.018141881,1.078263151,0.032724764,0,0,0,0,0,1.0422,1.060341881,0.2868,1.347141881,0.129413338,0.2704788,0.0971,0.1897,0,0.78710483,0.21289517,0.072078525,0.140816645,0.054510467
Cheney7-2018,Cheney,20,2x,272,L,Diploid,36.1,0.0273,0.0098,1.28,0.0128,1.306122449,4.66,0.358974359,35.5,0.0245,0.0083,1.21,0.0121,1.457831325,4.55,0.33877551,NA,NA,NA,NA,NA,NA,NA,NA,0.01245,0.00905,35.8,1.553883027,0.348874935,0.009684433,1.381976887,0.14050078,1,0,0,0,1,0.0431,0.052784433,0.0372,0.089984433,-1.045832616,0.704753237,0.0141,0.0231,0,0.586595161,0.413404839,0.156693769,0.256711069,0.100572951
Cheney7-2018,Cheney,19,2x,271,L,Diploid,35.5,NA,0.0087,1.24,0.0124,1.425287356,4.53,NA,39.1,0.0246,0.0083,1.08,0.0108,1.301204819,4.33,0.337398374,NA,NA,NA,NA,NA,NA,NA,NA,0.0116,0.0085,37.3,1.571708832,0.337398374,0.023017544,1.363246088,0.13457426,0,0,1,1,2,0.0227,0.045717544,0.0304,0.076117544,-1.118515233,0.664952606,0.0123,0.0181,0,0.600617697,0.399382303,0.161592182,0.237790121,0.111669394
CheneyA-2018,Cheney,23,2x,283,L,Diploid,33.4,0.0293,0.0099,1.22,0.0122,1.232323232,4.54,0.337883959,35.6,0.0328,0.0119,1.4,0.014,1.176470588,4.9,0.362804878,NA,NA,NA,NA,NA,NA,NA,NA,0.0131,0.0109,34.5,1.537819095,0.350344419,0.012949409,1.20439691,0.080769633,0,1,0,1,2,0.0587,0.071649409,0.0702,0.141849409,-0.848172469,0.979770817,0.0397,0.0305,0,0.505108971,0.494891029,0.279874271,0.215016758,0.076842054
Cheney2-2018,Cheney,23,2x,259,L,Diploid,41.1,0.0201,0.0069,0.83,0.0083,1.202898551,3.89,0.343283582,39.5,0.0261,0.0088,1.05,0.0105,1.193181818,4.22,0.337164751,NA,NA,NA,NA,NA,NA,NA,NA,0.0094,0.00785,40.3,1.605305046,0.340224167,0.029919862,1.198040185,0.078471386,1,1,1,1,4,0.0283,0.058219862,0.0188,0.077019862,-1.113397264,0.322913854,0.0078,0.011,0,0.755907119,0.244092881,0.101272578,0.142820303,0.101921761
Cheney7-2018,Cheney,18,2x,270,L,Diploid,38.1,0.0161,0.0062,0.73,0.0073,1.177419355,3.59,0.385093168,39.5,0.0241,0.0082,0.99,0.0099,1.207317073,4.12,0.340248963,NA,NA,NA,NA,NA,NA,NA,NA,0.0086,0.0072,38.8,1.588831726,0.362671066,0.011039374,1.192368214,0.07641039,0,0,0,0,0,0.0214,0.032439374,0.0326,0.065039374,-1.186823647,1.004951575,0.0191,0.0135,0,0.498765163,0.501234837,0.293668263,0.207566573,0.110702173
CheneyA-2018,Cheney,21,2x,281,L,Diploid,44.2,0.0281,0.0102,1.23,0.0123,1.205882353,4.63,0.362989324,41.4,0.032,0.0105,1.23,0.0123,1.171428571,4.57,0.328125,44.9,0.0338,0.0118,1.35,0.0135,1.144067797,4.73,0.349112426,0.0127,0.010833333,43.5,1.638489257,0.34674225,0.023824186,1.173792907,0.069591481,0,1,0,0,1,0.0446,0.068424186,0.0506,0.119024186,-0.92436478,0.739504596,0.0328,0.0178,0,0.57487632,0.42512368,0.275574243,0.149549437,0.091017913
Cheney7-2018,Cheney,17,2x,269,L,Diploid,36.4,0.0453,0.0159,1.84,0.0184,1.157232704,5.67,0.350993377,40.6,0.0426,0.0166,1.86,0.0186,1.120481928,5.86,0.389671362,NA,NA,NA,NA,NA,NA,NA,NA,0.0185,0.01625,38.5,1.58546073,0.37033237,NA,1.138857316,0.056469316,1,1,1,1,4,0.0701,0.0701,0.0802,0.1503,-0.823041019,1.144079886,0.0344,0.0458,0,0.466400532,0.533599468,0.228875582,0.304723886,0.108117099
CheneyA-2018,Cheney,24,2x,284,L,Diploid,33.5,0.028,0.0109,1.22,0.0122,1.119266055,4.54,0.389285714,33.7,0.0285,0.0103,1.12,0.0112,1.087378641,4.4,0.361403509,NA,NA,NA,NA,NA,NA,NA,NA,0.0117,0.0106,33.6,1.526339277,0.375344612,0.006145505,1.103322348,0.042702415,0,0,0,0,0,0.0463,0.052445505,0.0462,0.098645505,-1.0059227,0.880914389,0.0255,0.0207,0,0.531656308,0.468343692,0.258501388,0.209842304,0.107455479
Cheney2-2018,Cheney,22,2x,258,L,Diploid,37.8,0.0299,0.0113,1.22,0.0122,1.079646018,4.67,0.377926421,43.3,0.0369,0.0134,1.45,0.0145,1.082089552,4.97,0.363143631,NA,NA,NA,NA,NA,NA,NA,NA,0.01335,0.01235,40.55,1.607990859,0.370535026,0.008237299,1.080867785,0.033772573,0,0,0,0,0,0.0363,0.044537299,0.0329,0.077437299,-1.111049804,0.738706674,0.0125,0.0204,0,0.57514014,0.42485986,0.161420919,0.26343894,0.159483868
Cheney2-2018,Cheney,24,2x,260,L,Diploid,39.4,0.036,0.0144,1.59,0.0159,1.104166667,5.31,0.4,39.6,0.0313,0.0138,1.45,0.0145,1.050724638,5.13,0.440894569,NA,NA,NA,NA,NA,NA,NA,NA,0.0152,0.0141,39.5,1.596597096,0.420447285,0.012854338,1.077445653,0.032395373,0,0,0,0,0,0.0743,0.087154338,0.0793,0.166454338,-0.778704882,0.909880126,0.0375,0.0418,0,0.523593071,0.476406929,0.225287009,0.25111992,0.084707916
CheneyA-2018,Cheney,22,2x,282,L,Diploid,38.6,0.0347,0.0126,1.39,0.0139,1.103174603,4.8,0.363112392,36.6,0.0326,0.0128,1.32,0.0132,1.03125,4.91,0.392638037,NA,NA,NA,NA,NA,NA,NA,NA,0.01355,0.0127,37.6,1.575187845,0.377875215,0.010705066,1.067212302,0.028250823,0,0,0,0,0,0.0637,0.074405066,0.0782,0.152605066,-0.816431049,1.051003705,0.0472,0.031,0,0.48756616,0.51243384,0.309295106,0.203138735,0.083221353
Cheney2-2018,Cheney,21,2x,257,L,Diploid,39.8,0.0368,0.0132,1.33,0.0133,1.007575758,4.81,0.358695652,41,0.0372,0.0132,1.33,0.0133,1.007575758,4.88,0.35483871,45.7,0.0421,0.0173,1.57,0.0157,0.907514451,5.28,0.410926366,0.0141,0.014566667,42.16666667,1.624969271,0.374820243,0.015868219,0.974221989,-0.011342072,NA,NA,NA,NA,NA,0.0516,0.067468219,0.0657,0.133168219,-0.875599408,0.973791823,0.0314,0.0343,0,0.506639043,0.493360957,0.235791995,0.257568962,0.109385461
KB2-2,Palouse,4,2x,292,C,Diploid,NA,NA,NA,NA,NA,NA,NA,NA,NA,NA,NA,NA,NA,NA,NA,NA,NA,NA,NA,NA,NA,NA,NA,NA,NA,NA,NA,NA,NA,NA,NA,NA,0,0,1,0,1,0.3263,0.3263,0.2793,0.6056,-0.217814134,0.855960772,0.1387,0.1406,0,0.538804491,0.461195509,0.229029062,0.232166446,NA
KB2-2,Palouse,2,2x,290,C,Diploid,44,0.0998,0.0339,3.29,0.0329,0.970501475,8.35,0.339679359,47.5,0.0964,0.0257,2.97,0.0297,1.155642023,7.91,0.26659751,48.8,0.1087,0.0313,3.36,0.0336,1.073482428,8.39,0.287948482,0.032066667,0.0303,46.76666667,1.669936416,0.298075117,0.022782675,1.066541975,0.027977952,0,0,0,0,0,0.135,0.157782675,0.1398,0.297582675,-0.526392357,0.886028837,0.0701,0.0697,0,0.530214587,0.469785413,0.235564789,0.234220625,0.101820444
KB2-2,Palouse,3,2x,291,C,Diploid,37,0.1004,0.0366,3.48,0.0348,0.950819672,8.08,0.364541833,41.1,0.1015,0.0345,3.59,0.0359,1.04057971,8.27,0.339901478,NA,NA,NA,NA,NA,NA,NA,NA,0.03535,0.03555,39.05,1.591621038,0.352221656,NA,0.995699691,-0.001871628,0,1,0,0,1,0.1816,0.1816,0.2095,0.3911,-0.407712184,1.153634361,0.1432,0.0663,0,0.464331373,0.535668627,0.366146766,0.169521861,0.090897469
KB2-2,Palouse,1,2x,289,C,Diploid,53.1,0.1101,0.0397,3.53,0.0353,0.889168766,7.91,0.36058129,54.6,0.1263,0.0456,3.75,0.0375,0.822368421,8.12,0.361045131,NA,NA,NA,NA,NA,NA,NA,NA,0.0364,0.04265,53.85,1.731185708,0.360813211,NA,0.855768594,-0.067643656,1,1,0,1,3,0.1631,0.1631,0.1453,0.3084,-0.510885631,0.8908645,0.0934,0.0519,0,0.528858625,0.471141375,0.302853437,0.168287938,0.138294423
KB2-2,Palouse,9,2x,297,H,Diploid,43.7,0.1175,0.0313,5.07,0.0507,1.619808307,9.33,0.266382979,41.6,0.1597,0.0449,6.59,0.0659,1.467706013,11.3,0.28115216,39.7,0.1242,0.0352,4.47,0.0447,1.269886364,9.36,0.283413849,0.053766667,0.037133333,41.66666667,1.619788758,0.276982996,0.039704853,1.452466895,0.162106243,0,0,1,0,1,0.7925,0.832204853,0.3777,1.209904853,0.082751219,0.453854599,0.184,0.1937,0,0.687826692,0.312173308,0.152078074,0.160095234,0.030691118
KB2-2,Palouse,10,2x,298,H,Diploid,52.3,0.1456,0.0377,4.65,0.0465,1.233421751,9.19,0.258928571,49.6,0.127,0.0323,4.64,0.0464,1.436532508,9.22,0.254330709,48.7,0.1249,0.0308,4.49,0.0449,1.457792208,8.89,0.246597278,0.045933333,0.0336,50.2,1.700703717,0.253285519,0.012991684,1.375915489,0.13859176,0,0,0,0,0,0.5394,0.552391684,0.2181,0.770491684,-0.113232044,0.394828536,0.0645,0.1536,0,0.716933999,0.283066001,0.083712779,0.199353222,0.043608517
KB2-2,Palouse,11,2x,299,H,Diploid,43.9,0.1499,0.0393,4.9,0.049,1.246819338,9.44,0.262174783,46.9,0.1503,0.0399,4.69,0.0469,1.175438596,9.2,0.265469062,45.1,0.1578,0.043,5.12,0.0512,1.190697674,9.39,0.272496831,0.049033333,0.040733333,45.3,1.656098202,0.266713559,0.024104044,1.204318536,0.080741371,1,0,0,0,1,0.6217,0.645804044,0.3974,1.043204044,0.018369262,0.615356939,0.1504,0.247,0,0.619058225,0.380941775,0.14417122,0.236770555,0.039046372
KB2-2,Palouse,12,2x,300,H,Diploid,53.1,0.3087,0.0832,9.11,0.0911,1.094951923,12.66,0.269517331,50.1,0.2551,0.0711,7.82,0.0782,1.099859353,12.05,0.27871423,52.6,0.2834,0.0818,8.59,0.0859,1.050122249,12.87,0.288637968,0.085066667,0.0787,51.93333333,1.715446199,0.27895651,0.014595218,1.081644508,0.03408455,0,0,0,0,0,0.9575,0.972095218,0.4386,1.410695218,0.149433194,0.451190369,0.2711,0.1675,0,0.689089469,0.310910531,0.192174749,0.118735782,0.055788096
KB2-2,Palouse,17,2x,293,L,Diploid,38,0.0219,0.0071,1.02,0.0102,1.436619718,4.06,0.324200913,38.1,0.0311,0.0103,1.26,0.0126,1.223300971,4.57,0.331189711,NA,NA,NA,NA,NA,NA,NA,NA,0.0114,0.0087,38.05,1.580354661,0.327695312,0.012314348,1.329960345,0.123838692,0,0,0,0,0,0.0293,0.041614348,0.0312,0.072814348,-1.137783035,0.749741411,0.0181,0.0131,0,0.571513021,0.428486979,0.248577382,0.179909597,0.119481946
KB2-2,Palouse,19,2x,295,L,Diploid,41.7,0.0375,0.0104,1.4,0.014,1.346153846,4.99,0.277333333,NA,0.0368,0.0112,1.37,0.0137,1.223214286,4.97,0.304347826,NA,NA,NA,NA,NA,NA,NA,NA,0.01385,0.0108,41.7,1.620136055,0.29084058,0.021639477,1.284684066,0.108796338,1,0,1,1,3,0.0473,0.068939477,0.0464,0.115339477,-0.938022022,0.673054134,0.0214,0.025,0,0.597709291,0.402290709,0.185539249,0.21675146,0.093636631
KB2-2,Palouse,18,2x,294,L,Diploid,37,0.023,0.0073,0.92,0.0092,1.260273973,4.05,0.317391304,40.2,0.0265,0.0088,1.06,0.0106,1.204545455,4.22,0.332075472,NA,NA,NA,NA,NA,NA,NA,NA,0.0099,0.00805,38.6,1.586587305,0.324733388,0.021152987,1.232409714,0.090755113,0,0,0,0,0,0.0194,0.040552987,0.0532,0.093752987,-1.028014887,1.311863908,0.0282,0.025,0,0.432551413,0.567448587,0.300790416,0.266658171,0.085863931
KB2-2,Palouse,20,2x,296,L,Diploid,40.9,0.0213,0.0075,0.82,0.0082,1.093333333,3.78,0.352112676,38.9,0.0192,0.0059,0.75,0.0075,1.271186441,3.72,0.307291667,NA,NA,NA,NA,NA,NA,NA,NA,0.00785,0.0067,39.9,1.600972896,0.329702172,0.019602805,1.182259887,0.072712955,0,1,0,0,1,0.0241,0.043702805,0.0178,0.061502805,-1.211105077,0.407296511,0.0091,0.0087,0,0.710582306,0.289417694,0.147960731,0.141456963,0.108938121
Santa4-2018,Santa,5,2x,325,C,Diploid,35.5,0.0634,0.0158,2.4,0.024,1.518987342,6.16,0.249211356,38.7,0.0928,0.0272,3.54,0.0354,1.301470588,7.65,0.293103448,35.6,0.0842,0.023,3.24,0.0324,1.408695652,7.28,0.273159145,0.0306,0.022,36.6,1.563481085,0.27182465,0.004723894,1.409717861,0.149132202,0,0,0,0,0,0.057,0.061723894,0.0419,0.103623894,-0.984540092,0.678829498,0.0201,0.0218,0,0.595653103,0.404346897,0.193970707,0.21037619,0.212306247
Santa-1,Santa,8,2x,304,C,Diploid,41.4,0.0642,0.0203,2.79,0.0279,1.374384236,7.05,0.316199377,42.7,0.104,0.0312,4.13,0.0413,1.323717949,8.33,0.3,NA,NA,NA,NA,NA,NA,NA,NA,0.0346,0.02575,42.05,1.623766,0.308099689,NA,1.349051093,0.130028398,1,1,0,0,2,0.0999,0.0999,0.049,0.1489,-0.827105302,0.49049049,0.0185,0.0305,0,0.670920081,0.329079919,0.124244459,0.20483546,0.172934856
Santa-1,Santa,6,2x,302,C,Diploid,40.1,0.0824,0.0267,3.55,0.0355,1.329588015,7.97,0.324029126,41.1,0.0769,0.0253,3.42,0.0342,1.351778656,7.87,0.3289987,NA,NA,NA,NA,NA,NA,NA,NA,0.03485,0.026,40.6,1.608526034,0.326513913,NA,1.340683336,0.127326211,0,0,0,0,0,0.2189,0.2189,0.1019,0.3208,-0.49376564,0.465509365,0.0428,0.0591,0,0.682356608,0.317643392,0.133416459,0.184226933,0.081047382
Santa-1,Santa,7,2x,303,C,Diploid,39.5,0.0836,0.0296,3.73,0.0373,1.260135135,8.72,0.354066986,39.9,0.0805,0.0263,3.5,0.035,1.330798479,8.12,0.326708075,NA,NA,NA,NA,NA,NA,NA,NA,0.03615,0.02795,39.7,1.598790507,0.340387531,NA,1.295466807,0.11242629,0,1,0,0,1,0.2036,0.2036,0.2194,0.423,-0.373659633,1.077603143,0.0883,0.1311,0,0.481323877,0.518676123,0.208747045,0.309929078,0.06607565
Santa-1,Santa,5,2x,301,C,Diploid,42.6,0.0789,0.0249,2.96,0.0296,1.18875502,7.07,0.315589354,46.6,0.0843,0.0251,2.98,0.0298,1.187250996,7.04,0.297746145,42.7,0.0821,0.0232,2.99,0.0299,1.288793103,7.03,0.282582217,0.029766667,0.0244,43.96666667,1.643123541,0.298639239,0.03373473,1.221599706,0.08692892,1,1,1,0,3,0.1218,0.15553473,0.1075,0.26303473,-0.579986905,0.691163961,0.04,0.0675,0,0.591308722,0.408691278,0.152071173,0.256620105,0.092763416
Santa-3,Santa,3,2x,315,C,Diploid,41.7,0.0611,0.0208,2.43,0.0243,1.168269231,6.92,0.340425532,40.5,0.0609,0.0201,2.37,0.0237,1.179104478,6.6,0.330049261,NA,NA,NA,NA,NA,NA,NA,NA,0.024,0.02045,41.1,1.613841822,0.335237397,NA,1.173686855,0.069552241,1,1,1,1,4,0.2335,0.2335,0.2059,0.4394,-0.357139947,0.881798715,0.134,0.0719,0,0.531406463,0.468593537,0.304961311,0.163632226,0.046540737
Santa4-2018,Santa,6,2x,326,C,Diploid,45.2,0.0862,0.0276,3.29,0.0329,1.192028986,7.56,0.320185615,41.7,0.074,0.0276,3,0.03,1.086956522,7.26,0.372972973,NA,NA,NA,NA,NA,NA,NA,NA,0.03145,0.0276,43.45,1.637989781,0.346579294,NA,1.139492754,0.056711568,0,1,0,0,1,0.2112,0.2112,0.1231,0.3343,-0.475863623,0.582859848,0.069,0.0541,0,0.631767873,0.368232127,0.206401436,0.161830691,0.082560574
Santa-3,Santa,4,2x,316,C,Diploid,42.2,0.1134,0.0396,4.64,0.0464,1.171717172,8.81,0.349206349,41.1,0.1113,0.041,4.24,0.0424,1.034146341,8.47,0.368373765,NA,NA,NA,NA,NA,NA,NA,NA,0.0444,0.0403,41.65,1.619615006,0.358790057,NA,1.102931757,0.042548642,0,1,0,0,1,0.217,0.217,0.1056,0.3226,-0.491335637,0.486635945,0.0559,0.0497,0,0.67265964,0.32734036,0.173279603,0.154060756,0.124922505
Santa4-2018,Santa,8,2x,328,C,Diploid,49.1,0.086,0.0292,3.15,0.0315,1.078767123,7.44,0.339534884,48.7,0.0953,0.0333,3.43,0.0343,1.03003003,7.78,0.349422875,NA,NA,NA,NA,NA,NA,NA,NA,0.0329,0.03125,48.9,1.689308859,0.34447888,NA,1.054398577,0.023004811,0,1,0,1,2,0.1435,0.1435,0.1462,0.2897,-0.538051505,1.018815331,0.0881,0.0581,0,0.495340007,0.504659993,0.304107698,0.200552295,0.107870211
Santa-3,Santa,2,2x,314,C,Diploid,44.4,0.1125,0.0453,3.6,0.036,0.794701987,8.11,0.402666667,41.5,0.0773,0.0253,2.89,0.0289,1.14229249,7.2,0.327296248,39.3,0.0842,0.0285,2.87,0.0287,1.007017544,7.13,0.33847981,0.0312,0.033033333,41.73333333,1.620483074,0.356147575,0.014055931,0.98133734,-0.008181676,0,0,1,1,2,0.1377,0.151755931,0.1297,0.281455931,-0.550589595,0.854661819,0.0726,0.0571,0,0.539181855,0.460818145,0.257944467,0.202873678,0.117365915
Santa-3,Santa,1,2x,313,C,Diploid,49.7,0.0859,0.032,2.98,0.0298,0.93125,7.93,0.372526193,47.1,0.0821,0.0309,3.05,0.0305,0.987055016,8.11,0.37637028,NA,NA,NA,NA,NA,NA,NA,NA,0.03015,0.03145,48.4,1.684845362,0.374448237,NA,0.959152508,-0.018112333,0,0,0,0,0,0.2552,0.2552,0.1895,0.4447,-0.351932871,0.742554859,0.0632,0.1263,0,0.573870025,0.426129975,0.142118282,0.284011693,0.070721835
Santa4-2018,Santa,7,2x,327,C,Diploid,44.1,0.0686,0.0238,2.54,0.0254,1.067226891,6.86,0.346938776,46.4,0.0538,0.0394,1.97,0.0197,0.5,5.72,NA,48.5,0.0618,0.0219,2.29,0.0229,1.0456621,6.49,0.354368932,0.022666667,0.028366667,46.33333333,1.665893546,0.350653854,0.046728947,0.870962997,-0.060000296,1,1,1,1,4,0.1174,0.164128947,0.0946,0.258728947,-0.587154979,0.576376086,0.0455,0.0491,0,0.634366386,0.365633614,0.175859719,0.189773895,0.109638552
Santa4-2018,Santa,15,2x,335,H,Diploid,NA,NA,NA,4.13,0.0413,NA,8.87,NA,NA,NA,NA,4.77,0.0477,NA,9.3,NA,NA,NA,NA,4.27,0.0427,NA,9,NA,0.0439,NA,NA,NA,NA,NA,NA,NA,0,1,0,0,1,0.6512,0.6512,0.1765,0.8277,-0.082127045,0.271038084,0.0553,0.1212,0,0.786758487,0.213241513,0.066811647,0.146429866,NA
Santa-1,Santa,14,2x,310,H,Diploid,44.9,0.1166,0.026,4.35,0.0435,1.673076923,8.67,0.222984563,46.7,0.1017,0.0223,3.95,0.0395,1.771300448,8.4,0.21927237,NA,NA,0.027,4.27,0.0427,1.581481481,9.33,NA,0.0419,0.0251,45.8,1.660865478,0.221128467,0.027460155,1.675286284,0.224089033,0,0,0,0,0,0.5584,0.585860155,0.1004,0.686260155,-0.163511216,0.171371955,0.0207,0.0797,0,0.853699797,0.146300203,0.030163488,0.116136715,0.036575051
Santa-3,Santa,11,2x,323,H,Diploid,40.6,0.0924,0.0204,3.93,0.0393,1.926470588,8.39,0.220779221,43.6,0.126,0.0316,4.59,0.0459,1.452531646,9.52,0.250793651,40.2,0.1552,0.0412,5.64,0.0564,1.368932039,9.95,0.265463918,0.0472,0.031066667,41.46666667,1.617699126,0.24567893,0.027105442,1.582644758,0.199383444,0,0,1,1,2,0.887,0.914105442,0.3784,1.292505442,0.11143238,0.413956621,0.1176,0.2608,0,0.707235275,0.292764725,0.090986077,0.201778648,0.024036005
Santa-3,Santa,10,2x,322,H,Diploid,43.7,0.1168,0.0302,4.73,0.0473,1.566225166,9.34,0.258561644,45.6,0.1452,0.0406,5.7,0.057,1.403940887,10.27,0.279614325,46.3,0.131,0.0348,5.09,0.0509,1.462643678,9.46,0.265648855,0.051733333,0.0352,45.2,1.655138435,0.267941608,0.029414132,1.477603244,0.169557836,1,0,0,0,1,0.662,0.691414132,0.1798,0.871214132,-0.059875088,0.260046753,0.0588,0.121,0,0.793621346,0.206378654,0.067492018,0.138886636,0.040403385
Santa-1,Santa,13,2x,309,H,Diploid,37.4,0.1112,0.0285,4.19,0.0419,1.470175439,8.67,0.256294964,36.2,0.12,0.0301,4.15,0.0415,1.378737542,8.57,0.250833333,NA,NA,0.0323,4.36,0.0436,1.349845201,8.99,NA,0.042333333,0.0303,36.8,1.565847819,0.253564149,0.012958804,1.399586061,0.145999609,0,0,0,0,0,0.6481,0.661058804,0.1502,0.811258804,-0.090840577,0.227211254,0.0409,0.1093,0,0.81485563,0.18514437,0.050415478,0.134728892,0.037349364
Santa4-2018,Santa,16,2x,336,H,Diploid,47.8,0.1397,0.0354,4.77,0.0477,1.347457627,9.18,0.253400143,48.1,0.149,0.0374,4.92,0.0492,1.315508021,9.58,0.251006711,47.7,0.1314,0.0315,4.66,0.0466,1.479365079,9.31,0.239726027,0.047833333,0.034766667,47.86666667,1.680033185,0.248044294,0.001621979,1.380776909,0.140123516,0,0,1,1,2,0.816,0.817621979,0.2467,1.064321979,0.027073031,0.301728679,0.0892,0.1575,0,0.76820924,0.23179076,0.083809225,0.147981535,0.032665554
Santa-1,Santa,15,2x,311,H,Diploid,45.7,0.13,0.0338,4.38,0.0438,1.295857988,9.13,0.26,36,0.1218,0.0312,4.46,0.0446,1.429487179,9.16,0.256157635,NA,NA,0.0272,3.82,0.0382,1.404411765,8.66,NA,0.0422,0.030733333,40.85,1.611192061,0.258078818,0.009279491,1.376585644,0.138803236,0,0,1,0,1,0.4589,0.468179491,0.1775,0.645679491,-0.189983008,0.379128098,0.0872,0.0903,0,0.725095806,0.274904194,0.135051525,0.139852669,0.047598435
Santa-3,Santa,12,2x,324,H,Diploid,47.3,0.127,0.0378,4.97,0.0497,1.314814815,9.51,0.297637795,49,0.135,0.0402,5.21,0.0521,1.2960199,9.85,0.297777778,51.7,0.1184,0.037,4.64,0.0464,1.254054054,9.47,0.3125,0.0494,0.038333333,49.33333333,1.693140461,0.302638524,0.008528237,1.288296256,0.110015745,0,1,0,0,1,0.7499,0.758428237,0.4166,1.175028237,0.070048303,0.549293894,0.1731,0.2435,0,0.645455329,0.354544671,0.147315609,0.207229063,0.032623329
Santa4-2018,Santa,14,2x,334,H,Diploid,53.1,0.1517,0.0447,5.45,0.0545,1.219239374,10.15,0.294660514,53.2,0.1352,0.037,4.73,0.0473,1.278378378,9.48,0.273668639,NA,NA,0.0411,5.31,0.0531,1.291970803,10.24,NA,0.051633333,0.040933333,53.15,1.725503269,0.284164577,0.012973759,1.263196185,0.101470805,NA,NA,NA,NA,NA,0.991,1.003973759,0.3043,1.308273759,0.116698631,0.303095571,0.1355,0.1688,0,0.767403422,0.232596578,0.103571595,0.129024983,0.031288049
Santa-3,Santa,9,2x,321,H,Diploid,47.1,0.2177,0.0615,7.65,0.0765,1.243902439,11.94,0.282498852,48.2,0.1716,0.0503,6.12,0.0612,1.216699801,11.22,0.293123543,47.8,0.1869,0.0544,6.93,0.0693,1.273897059,11.14,0.291064741,0.069,0.0554,47.7,1.678518379,0.288895712,0.01109032,1.2448331,0.095111128,0,1,0,0,1,0.9184,0.92949032,0.3619,1.29139032,0.111057527,0.389353167,0.1475,0.2144,0,0.719759399,0.280240601,0.114217985,0.166022617,0.042899501
Santa4-2018,Santa,13,2x,333,H,Diploid,41.3,0.1382,0.0379,4.48,0.0448,1.182058047,9.32,0.274240232,45.1,0.1376,0.0367,4.41,0.0441,1.201634877,9.17,0.266715116,NA,NA,NA,NA,NA,NA,NA,NA,0.04445,0.0373,43.2,1.635483747,0.270477674,NA,1.191846462,0.076220312,0,1,0,0,1,0.8617,0.8617,0.3269,1.1886,0.075035726,0.379366369,0.1583,0.1686,0,0.724970554,0.275029446,0.133181895,0.141847552,0.031381457
Santa-1,Santa,16,2x,312,H,Diploid,46.7,0.1889,0.0508,5.99,0.0599,1.179133858,11.15,0.268925357,48.9,0.2018,0.0541,6.14,0.0614,1.134935305,11.09,0.268087215,47.6,0.2016,0.0532,6.04,0.0604,1.135338346,11.38,0.263888889,0.060566667,0.0527,47.73333333,1.678821763,0.266967154,0.010474634,1.149802503,0.06062325,0,1,0,1,2,0.8934,0.903874634,0.348,1.251874634,0.09756084,0.385009145,0.1212,0.2268,0,0.722016893,0.277983107,0.096814806,0.181168301,0.042096867
Santa-3,Santa,17,2x,317,L,Diploid,37.7,0.0193,0.0059,0.93,0.0093,1.576271186,3.81,0.305699482,35.8,0.0152,0.0046,0.72,0.0072,1.565217391,3.47,0.302631579,NA,NA,NA,NA,NA,NA,NA,NA,0.00825,0.00525,36.75,1.565257343,0.304165531,0.025510249,1.570744289,0.196105489,0,1,0,0,1,0.0264,0.051910249,0.0201,0.072010249,-1.142605687,0.387206773,0.0086,0.0115,0,0.720873066,0.279126934,0.119427444,0.159699489,0.072906289
Santa-3,Santa,20,2x,320,L,Diploid,38.1,0.0349,0.0117,1.45,0.0145,1.239316239,5.17,0.335243553,39.2,0.0303,0.008,1.39,0.0139,1.7375,5,0.264026403,NA,NA,NA,NA,NA,NA,NA,NA,0.0142,0.00985,38.65,1.587149498,0.299634978,0.02304667,1.48840812,0.172722031,0,0,0,0,0,0.0508,0.07384667,0.04,0.11384667,-0.943679668,0.541662881,0.0156,0.0244,0,0.648650242,0.351349758,0.137026406,0.214323353,0.086519878
Santa-3,Santa,18,2x,318,L,Diploid,38.4,0.017,0.0052,0.82,0.0082,1.576923077,3.88,0.305882353,38.3,0.0202,0.0073,0.89,0.0089,1.219178082,4.1,0.361386139,NA,NA,NA,NA,NA,NA,NA,NA,0.00855,0.00625,38.35,1.583765368,0.333634246,0.01375589,1.39805058,0.145522884,0,0,0,0,0,0.0221,0.03585589,0.0102,0.04605589,-1.336714821,0.284472091,1.00E-04,0.0101,0,0.778529956,0.221470044,0.002171275,0.219298769,0.135704684
Santa4-2018,Santa,22,2x,330,L,Diploid,38.4,0.0333,0.0121,1.38,0.0138,1.140495868,4.85,0.363363363,36.7,0.0175,0.0061,0.89,0.0089,1.459016393,3.9,0.348571429,NA,NA,NA,NA,NA,NA,NA,NA,0.01135,0.0091,37.55,1.574609941,0.355967396,0.028558685,1.299756131,0.113861875,0,1,0,0,1,0.0583,0.086858685,0.0361,0.122958685,-0.91024079,0.415617621,0.0222,0.0139,0,0.706405448,0.293594552,0.18054845,0.113046102,0.074008599
Santa4-2018,Santa,23,2x,331,L,Diploid,35.9,0.0371,0.0121,1.53,0.0153,1.26446281,5.35,0.326145553,33.2,0.0288,0.0091,1.2,0.012,1.318681319,4.65,0.315972222,NA,NA,NA,NA,NA,NA,NA,NA,0.01365,0.0106,34.55,1.538448052,0.321058888,0.026811954,1.291572065,0.111118643,1,0,0,0,1,0.0633,0.090111954,0.0644,0.154511954,-0.811037915,0.714666558,0.0348,0.0296,0,0.583203769,0.416796231,0.225225292,0.191570938,0.068603106
Santa-3,Santa,19,2x,319,L,Diploid,36.7,0.031,0.0097,1.26,0.0126,1.298969072,4.83,0.312903226,37.9,0.041,0.0129,1.62,0.0162,1.255813953,5.35,0.314634146,NA,NA,NA,NA,NA,NA,NA,NA,0.0144,0.0113,37.3,1.571708832,0.313768686,0.018349737,1.277391513,0.106324026,0,0,0,0,0,0.0513,0.069649737,0.0689,0.138549737,-0.858394294,0.989235609,0.0461,0.0228,0,0.50270566,0.49729434,0.332732497,0.164561843,0.081559159
Santa4-2018,Santa,21,2x,329,L,Diploid,46.9,0.0421,0.013,1.51,0.0151,1.161538462,5.05,0.308788599,40.4,0.045,0.0133,1.63,0.0163,1.22556391,5.27,0.295555556,42.3,0.0347,0.0105,1.47,0.0147,1.4,5.11,0.30259366,0.015366667,0.012266667,43.2,1.635483747,0.302312605,0.001934054,1.262367457,0.10118579,0,0,1,0,1,0.0521,0.054034054,0.0554,0.109434054,-0.960847512,1.025279354,0.0256,0.0298,0,0.493759045,0.506240955,0.233930838,0.272310117,0.112091863
Santa-1,Santa,21,2x,305,L,Diploid,43.9,0.0412,0.0109,1.44,0.0144,1.321100917,5.08,0.264563107,43.7,0.0356,0.011,1.31,0.0131,1.190909091,4.87,0.308988764,NA,NA,NA,NA,NA,NA,NA,NA,0.01375,0.01095,43.8,1.641474111,0.286775936,0.010478924,1.256005004,0.09899137,0,0,1,0,1,0.0424,0.052878924,0.021,0.073878924,-1.131479438,0.397133648,0.0051,0.0159,0,0.715751139,0.284248861,0.069031866,0.215216995,0.148215478
Santa-1,Santa,23,2x,307,L,Diploid,38.1,0.0265,0.0097,1.23,0.0123,1.268041237,4.56,0.366037736,35,0.0316,0.0114,1.41,0.0141,1.236842105,4.9,0.360759494,NA,NA,NA,NA,NA,NA,NA,NA,0.0132,0.01055,36.55,1.562887381,0.363398615,0.031331654,1.252441671,0.097757509,0,1,0,0,1,0.0413,0.072631654,0.046,0.118631654,-0.925799414,0.633332679,0.0147,0.0313,0,0.612245143,0.387754857,0.123912965,0.263841892,0.088930733
Santa-1,Santa,22,2x,306,L,Diploid,38.3,0.0364,0.0116,1.52,0.0152,1.310344828,4.97,0.318681319,40,0.0343,0.0124,1.42,0.0142,1.14516129,4.9,0.361516035,NA,NA,NA,NA,NA,NA,NA,NA,0.0147,0.012,39.15,1.592731766,0.340098677,0.017436505,1.227753059,0.089111025,0,0,0,0,0,0.0493,0.066736505,0.0331,0.099836505,-1.000710631,0.495980423,0.0169,0.0162,0,0.668457945,0.331542055,0.169276759,0.162265296,0.120196515
Santa-1,Santa,24,2x,308,L,Diploid,37.7,0.0334,0.0117,1.35,0.0135,1.153846154,4.86,0.350299401,37.9,0.0278,0.0098,1.2,0.012,1.224489796,4.54,0.352517986,NA,NA,NA,NA,NA,NA,NA,NA,0.01275,0.01075,37.8,1.5774918,0.351408694,0.025732528,1.189167975,0.075243205,0,0,1,1,2,0.0446,0.070332528,0.1156,0.185932528,-0.730644626,1.643620716,0.097,0.0186,0,0.378269089,0.621730911,NA,NA,0.057816672
Santa4-2018,Santa,24,2x,332,L,Diploid,40.7,0.0358,0.0123,1.42,0.0142,1.154471545,5.03,0.343575419,38.8,0.0318,0.0121,1.37,0.0137,1.132231405,5.03,0.380503145,NA,NA,NA,NA,NA,NA,NA,NA,0.01395,0.0122,39.75,1.599337133,0.362039282,0.043189909,1.143351475,0.058179756,0,0,0,0,0,0.0689,0.112089909,0.0801,0.192189909,-0.716269419,0.714604916,0.0569,0.0232,0,0.583224736,0.416775264,0.29606133,0.120713934,0.063478879
Blue2-2,Blue,1,4x,361,C,Neotetraploid,32.3,0.0154,0.0036,0.57,0.0057,1.583333333,3.13,0.233766234,NA,NA,NA,NA,NA,NA,NA,NA,NA,NA,NA,NA,NA,NA,NA,NA,0.0057,0.0036,32.3,1.509202522,0.233766234,NA,1.583333333,0.199572355,0,0,0,0,0,0.0093,0.0093,0.0052,0.0145,-1.838631998,0.559139785,1.00E-04,0.0051,0,0.64137931,0.35862069,0.006896552,0.351724138,0.248275862
Blue11-2018,Blue,8,4x,738,C,Neotetraploid,48.3,0.0311,0.0101,1.28,0.0128,1.267326733,4.82,0.324758842,46.7,0.0287,0.0083,1.12,0.0112,1.34939759,4.43,0.289198606,NA,NA,NA,NA,NA,NA,NA,NA,0.012,0.0092,47.5,1.67669361,0.306978724,0.010843127,1.308362162,0.116727976,0,0,0,0,0,0.0407,0.051543127,0.0286,0.080143127,-1.096133716,0.554875144,0.0175,0.0111,0,0.643138457,0.356861543,0.218359336,0.138502207,0.114794622
Blue5-2018,Blue,5,4x,373,C,Neotetraploid,44.1,0.1163,0.0278,3.29,0.0329,1.183453237,7.36,0.239036973,43.5,0.0959,0.0232,2.87,0.0287,1.237068966,6.9,0.241918665,38.5,0.1069,0.0247,3.11,0.0311,1.259109312,7.36,0.231057063,0.0309,0.025233333,42.03333333,1.623593832,0.237337567,0.004451995,1.226543838,0.088683075,0,0,0,0,0,0.0727,0.077151995,0.0554,0.132551995,-0.877613731,0.718063091,0.0148,0.0406,0,0.582050802,0.417949198,0.111654298,0.3062949,0.190365547
Blue2-2,Blue,4,4x,364,C,Neotetraploid,NA,0.0135,0.0036,0.41,0.0041,1.138888889,2.6,0.266666667,NA,NA,NA,NA,NA,NA,NA,NA,NA,NA,NA,NA,NA,NA,NA,NA,0.0041,0.0036,NA,NA,0.266666667,NA,1.138888889,0.056481356,0,0,0,0,0,0.0209,0.0209,0.0041,0.025,-1.602059991,0.196172249,5.00E-04,0.0036,0,0.836,0.164,0.02,0.144,0.144
Blue14-2018,Blue,5,4x,349,C,Neotetraploid,41.5,0.1304,0.0321,3.53,0.0353,1.099688474,8.04,0.246165644,45.8,0.1114,0.0281,3.22,0.0322,1.145907473,7.72,0.252244165,43.1,0.1037,0.0246,2.79,0.0279,1.134146341,7.05,0.237222758,0.0318,0.028266667,43.46666667,1.638156337,0.245210856,0.01160417,1.126580763,0.051762331,1,1,1,1,4,0.1012,0.11280417,0.0979,0.21070417,-0.676326869,0.867875718,0.0492,0.0487,0,0.535367525,0.464632475,0.233502735,0.23112974,0.134153335
Blue14-2018,Blue,6,4x,350,C,Neotetraploid,41.9,0.1137,0.0357,3.36,0.0336,0.941176471,7.83,0.313984169,42.1,0.1309,0.0384,3.91,0.0391,1.018229167,8.4,0.293353705,NA,NA,NA,NA,NA,NA,NA,NA,0.03635,0.03705,42,1.62324929,0.303668937,NA,0.979702819,-0.008905642,0,1,0,0,1,0.1827,0.1827,0.069,0.2517,-0.599116784,0.377668309,0.0329,0.0361,0,0.725864124,0.274135876,0.130711164,0.143424712,0.147199046
Blue5-2018,Blue,8,4x,376,C,Neotetraploid,47.7,0.114,0.0354,3.35,0.0335,0.946327684,7.76,0.310526316,49.8,0.1394,0.0453,3.93,0.0393,0.867549669,8.46,0.324964132,NA,NA,NA,NA,NA,NA,NA,NA,0.0364,0.04035,48.75,1.68797462,0.317745224,NA,0.906938677,-0.042422077,1,1,0,0,2,0.1489,0.1489,0.1307,0.2796,-0.553462833,0.877770316,0.0523,0.0784,0,0.532546495,0.467453505,0.187052933,0.280400572,0.144313305
Blue2-2018,Blue,31,4x,751,C,Neotetraploid,45.5,0.1219,0.0428,3.85,0.0385,0.89953271,8.77,0.351107465,46.7,0.1171,0.0395,3.57,0.0357,0.903797468,7.95,0.337318531,NA,NA,NA,NA,NA,NA,NA,NA,0.0371,0.04115,46.1,1.663700925,0.344212998,NA,0.901665089,-0.044954745,0,1,0,1,2,0.0966,0.0966,NA,NA,NA,NA,NA,NA,0,NA,NA,NA,NA,NA
Blue2-2,Blue,2,4x,362,C,Neotetraploid,45.8,0.1279,0.0399,3.12,0.0312,0.781954887,7.26,0.311962471,42,0.1374,0.0401,3.6,0.036,0.897755611,8.02,0.291848617,39.8,0.1206,0.0385,3.03,0.0303,0.787012987,7.46,0.319237148,0.0325,0.0395,42.53333333,1.62872942,0.307682745,0.02148688,0.822241162,-0.085000786,0,1,0,0,1,0.0955,0.11698688,0.0927,0.20968688,-0.678428742,0.792396549,0.0548,0.0379,0,0.557912255,0.442087745,0.261342054,0.180745691,0.188376116
Blue2-2,Blue,3,4x,363,C,Neotetraploid,50.3,0.1165,0.0366,2.95,0.0295,0.806010929,7.18,0.31416309,52.5,0.136,0.0442,3.36,0.0336,0.760180995,7.67,0.325,NA,NA,NA,NA,NA,NA,NA,NA,0.03155,0.0404,51.4,1.710963119,0.319581545,NA,0.783095962,-0.106185015,0,1,0,0,1,0.1341,0.1341,0.0452,0.1793,-0.74641971,0.337061894,0.0138,0.0314,0,0.747908533,0.252091467,0.076965979,0.175125488,0.225320692
Blue3-2018,Blue,13,2x-G,165,H,Neotetraploid,43.6,0.1514,0.0362,5.65,0.0565,NA,10.65,0.239101717,40.6,0.1693,0.0425,5.55,0.0555,NA,10.99,0.251033668,NA,NA,NA,NA,NA,NA,NA,NA,0.056,0.03935,42.1,1.624282096,0.245067693,NA,NA,0.15634556,0,1,0,1,2,0.8974,0.8974,0.379,1.2764,0.105986796,0.422331179,0.1923,0.1867,0,0.703071138,0.296928862,0.150658101,0.146270762,0.030828894
Blue16-2018,Blue,11,2x-G,155,H,Neotetraploid,40.9,0.2448,0.0597,7.11,0.0711,1.190954774,13.31,0.243872549,45.6,0.2781,0.0679,8.19,0.0819,1.206185567,12.81,0.244156778,42.6,0.2569,0.063,7.47,0.0747,1.185714286,13.15,0.245231608,0.0759,0.063533333,43.03333333,1.633804988,0.244420312,0.020414034,1.194284876,0.077107933,0,0,0,0,0,0.9668,0.987214034,0.4091,1.396314034,0.144983103,0.414398485,0.1554,0.2537,0,0.707014332,0.292985668,0.111293016,0.181692652,0.045500748
Blue2-2,Blue,9,4x,369,H,Neotetraploid,49.7,0.2423,0.0573,6.67,0.0667,1.164048866,11.78,0.236483698,50.2,0.2398,0.0563,6.5,0.065,1.154529307,11.17,0.234778982,47.9,0.1205,0.0281,3.33,0.0333,1.185053381,8.38,0.233195021,0.055,0.047233333,49.26666667,1.692553179,0.234819234,0.004319609,1.167877185,0.067397174,0,1,1,0,2,0.4715,0.475819609,0.1101,0.585919609,-0.232161967,0.231390212,0.0275,0.0826,0,0.812090262,0.187909738,0.046934766,0.140974971,0.080614016
Blue11-2018,Blue,11,4x,347,H,Neotetraploid,45,0.1986,0.0428,4.88,0.0488,1.140186916,9.56,0.21550856,42.7,0.1852,0.0398,4.49,0.0449,1.128140704,9.13,0.214902808,53.2,0.1621,0.0355,4.02,0.0402,1.132394366,8.56,0.219000617,0.044633333,0.039366667,46.96666667,1.671789738,0.216470662,0.008261352,1.133573995,0.054449874,0,1,0,1,2,0.4377,0.445961352,0.2011,0.647061352,-0.189054539,0.450935937,0.0684,0.1327,0,0.689210305,0.310789695,0.105708678,0.205081017,0.060839157
Blue5-2018,Blue,32,4x,776,H,Neotetraploid,51.3,0.4268,0.1038,10.53,0.1053,1.014450867,13.03,0.243205248,46.2,0.4189,0.1006,11.64,0.1164,1.157057654,14.16,0.240152781,NA,NA,0.1068,11.59,0.1159,1.085205993,14.63,NA,0.112533333,0.103733333,48.75,1.68797462,0.241679015,0.018303354,1.085571505,0.035658435,0,0,0,0,0,0.7441,0.762403354,0.3828,1.145203354,0.058882611,0.502096427,0.1476,0.2352,0,0.665736222,0.334263778,0.128885407,0.205378372,0.09058071
Blue2-2,Blue,11,4x,371,H,Neotetraploid,63.6,0.2731,0.0717,7.62,0.0762,1.062761506,12.01,0.262541194,43.8,0.3204,0.0788,9.18,0.0918,1.164974619,13.08,0.245942572,61.2,0.3348,0.088,8.98,0.0898,1.020454545,12.65,0.262843489,0.085933333,0.0795,56.2,1.749736316,0.257109085,0.031434844,1.082730223,0.03452026,1,0,1,1,3,0.5443,0.575734844,0.3469,0.922634844,-0.034970148,0.602534315,0.1178,0.2291,0,0.624011599,0.375988401,0.127677814,0.248310587,0.086166267
Blue2-2,Blue,12,4x,372,H,Neotetraploid,52.9,0.3223,0.0883,8.79,0.0879,0.995469989,13.12,0.273968352,47.6,0.3141,0.0788,8.34,0.0834,1.058375635,12.59,0.250875517,51.2,0.2929,0.0721,8.28,0.0828,1.148404993,12.78,0.246159099,0.0847,0.079733333,50.56666667,1.703864326,0.257000989,0.023310559,1.067416872,0.028334063,0,0,0,0,0,0.8085,0.831810559,0.5748,1.406610559,0.148173873,0.691022726,0.3836,0.1912,0,NA,NA,NA,NA,0.056684725
Blue2-2018,Blue,32,4x,761,H,Neotetraploid,54.4,0.1931,0.0436,5.03,0.0503,1.153669725,9.85,0.225789746,56.9,0.2277,0.059,5.99,0.0599,1.015254237,10.95,0.259112868,NA,NA,0.0675,6.86,0.0686,1.016296296,11.51,NA,0.0596,0.0567,55.65,1.745465169,0.242451307,0.013783429,1.061740086,0.026018214,0,0,0,0,0,0.2987,0.312483429,0.1014,0.413883429,-0.383121961,0.324497207,0.0372,0.0642,0,0.755003479,0.244996521,0.08988038,0.15511614,0.136995096
Blue2-2,Blue,10,4x,370,H,Neotetraploid,45.3,0.3308,0.083,8.79,0.0879,1.059036145,12.82,0.250906892,43.5,0.2965,0.0755,8.28,0.0828,1.096688742,12.09,0.254637437,47.9,0.2848,0.0772,7.31,0.0731,0.946891192,11.8,0.271067416,0.081266667,0.078566667,45.56666667,1.65864726,0.258870582,0.010759576,1.03420536,0.014606784,0,0,0,0,0,0.6169,0.627659576,0.2833,0.910959576,-0.040500894,0.451359321,0.0801,0.2032,0,0.689009252,0.310990748,0.087929258,0.22306149,0.086246052
Blue5-2018,Blue,15,4x,383,H,Neotetraploid,42.2,0.23,0.0629,6.18,0.0618,0.982511924,10.62,0.273478261,41.1,0.2262,0.0578,6.46,0.0646,1.117647059,10.65,0.255526083,NA,NA,0.0611,5.24,0.0524,0.857610475,9.78,NA,0.0596,0.0606,41.65,1.619615006,0.264502172,0.008265918,0.985923153,-0.006156934,0,1,0,0,1,0.4159,0.424165918,0.1704,0.594565918,-0.225799989,0.401729589,0.0571,0.1133,0,0.71340436,0.28659564,0.09603645,0.19055919,0.101923097
Blue5-2018,Blue,32,4x,768,H,Neotetraploid,49.9,0.3296,0.0891,7.97,0.0797,0.894500561,11.7,0.27032767,50.3,0.3142,0.0805,7.8,0.078,0.968944099,10.85,0.256206238,NA,NA,0.0803,7.11,0.0711,0.885429639,10.72,NA,0.076266667,0.0833,50.1,1.699837726,0.263266954,0.010260361,0.916291433,-0.037966374,0,0,0,0,0,0.4357,0.445960361,0.147,0.592960361,-0.226974338,0.329625709,0.0609,0.0861,0,0.752091354,0.247908646,0.10270501,0.145203635,0.140481566
Blue8-2018,Blue,17,4x,732,L,Neotetraploid,NA,NA,NA,NA,NA,NA,NA,NA,NA,NA,NA,NA,NA,NA,NA,NA,NA,NA,NA,NA,NA,NA,NA,NA,NA,NA,NA,NA,NA,NA,NA,NA,1,1,0,1,3,NA,NA,NA,NA,NA,NA,NA,NA,0,NA,NA,NA,NA,NA
Blue11-2018,Blue,18,4x,739,L,Neotetraploid,NA,NA,NA,NA,NA,NA,NA,NA,NA,NA,NA,NA,NA,NA,NA,NA,NA,NA,NA,NA,NA,NA,NA,NA,NA,NA,NA,NA,NA,NA,NA,NA,0,0,0,0,0,0.0075,0.0075,0.0014,0.0089,-2.050609993,0.186666667,1.00E-04,0.0013,1,0.842696629,0.157303371,0.011235955,0.146067416,NA
Blue11-2018,Blue,22,4x,734,L,Neotetraploid,42.5,0.0219,0.0059,0.86,0.0086,1.457627119,3.88,0.269406393,40.3,0.027,0.0079,1.06,0.0106,1.341772152,4.31,0.292592593,NA,NA,NA,NA,NA,NA,NA,NA,0.0096,0.0069,41.4,1.617000341,0.280999493,0.024759115,1.399699636,0.14603485,0,0,0,0,0,0.0255,0.050259115,0.0318,0.082059115,-1.085873171,0.63272105,0.0187,0.0131,0,0.612474495,0.387525505,0.227884495,0.15964101,0.084085723
Blue11-2018,Blue,20,4x,344,L,Neotetraploid,45.1,0.018,0.0053,0.8,0.008,1.509433962,3.87,0.294444444,46.1,0.019,0.0061,0.75,0.0075,1.229508197,3.62,0.321052632,NA,NA,NA,NA,NA,NA,NA,NA,0.00775,0.0057,45.6,1.658964843,0.307748538,0.012346946,1.36947108,0.136552865,0,1,0,0,1,0.023,0.035346946,0.0328,0.068146946,-1.166553602,0.927944383,0.0107,0.0221,0,0.518687162,0.481312838,0.157013639,0.324299199,0.08364278
Blue14-2018,Blue,23,4x,355,L,Neotetraploid,35.9,0.0584,0.015,1.99,0.0199,1.326666667,5.95,0.256849315,37.4,0.0623,0.0179,2.06,0.0206,1.150837989,6.03,0.287319422,NA,NA,NA,NA,NA,NA,NA,NA,0.02025,0.01645,36.65,1.564073979,0.272084369,NA,1.238752328,0.092984484,1,1,1,1,4,0.082,0.082,0.0564,0.1384,-0.85886391,0.687804878,0.0241,0.0323,0,0.592485549,0.407514451,0.174132948,0.233381503,0.118858382
Blue5-2018,Blue,22,4x,378,L,Neotetraploid,45.3,0.029,0.0094,1.13,0.0113,1.20212766,4.45,0.324137931,44.2,0.0325,0.0105,1.26,0.0126,1.2,4.99,0.323076923,NA,NA,NA,NA,NA,NA,NA,NA,0.01195,0.00995,44.75,1.65079304,0.323607427,0.026501849,1.20106383,0.079566088,0,1,1,0,2,0.0561,0.082601849,0.0343,0.116901849,-0.93217862,0.415244942,0.0151,0.0192,0,0.706591467,0.293408533,0.129168188,0.164240345,0.085114137
Blue2-2,Blue,19,4x,367,L,Neotetraploid,41.6,0.0346,0.0123,1.24,0.0124,1.008130081,4.87,0.355491329,36.7,0.0365,0.0105,1.27,0.0127,1.20952381,4.73,0.287671233,NA,NA,NA,NA,NA,NA,NA,NA,0.01255,0.0114,39.15,1.592731766,0.321581281,0.031711875,1.108826946,0.044863771,0,0,0,0,0,0.0195,0.051211875,0.0144,0.065611875,-1.183017551,0.281184784,0.003,0.0114,0,0.780527534,0.219472466,0.04572343,0.173749036,0.173749036
Blue5-2018,Blue,24,4x,380,L,Neotetraploid,37.8,0.0471,0.0134,1.42,0.0142,1.059701493,5.04,0.284501062,41.2,0.0475,0.0151,1.43,0.0143,0.947019868,5.06,0.317894737,NA,NA,NA,NA,NA,NA,NA,NA,0.01425,0.01425,39.5,1.596597096,0.3011979,NA,1.003360681,0.001457078,0,1,0,1,2,0.0595,0.0595,0.0343,0.0938,-1.027797162,0.576470588,0.0098,0.0245,0,0.634328358,0.365671642,0.104477612,0.26119403,0.151918977
Blue14-2018,Blue,21,4x,353,L,Neotetraploid,41.1,0.0349,0.0108,1.02,0.0102,0.944444444,4.24,0.309455587,36.2,0.026,0.0063,0.71,0.0071,1.126984127,3.54,0.242307692,44.1,0.0345,0.011,1,0.01,0.909090909,4.16,0.31884058,0.0091,0.009366667,40.46666667,1.607097432,0.290201286,0.027744762,0.993506493,-0.00282929,1,1,1,1,4,0.0291,0.056844762,0.0273,0.084144762,-1.074972914,0.480255331,0.0081,0.0192,0,0.675559127,0.324440873,0.096262676,0.228178196,0.111316103
Blue2-2,Blue,17,4x,365,L,Neotetraploid,35.4,0.0505,0.0177,1.62,0.0162,0.915254237,5.59,0.35049505,34.8,0.0386,0.0126,1.32,0.0132,1.047619048,5.2,0.32642487,NA,NA,NA,NA,NA,NA,NA,NA,0.0147,0.01515,35.1,1.545307116,0.33845996,0.017734123,0.981436643,-0.008137731,0,1,0,0,1,0.0304,0.048134123,0.0295,0.077634123,-1.109947349,0.612870832,0.0089,0.0206,0,0.620012453,0.379987547,0.114640311,0.265347237,0.195146147
Blue2-2,Blue,20,4x,368,L,Neotetraploid,NA,0.0103,0.0037,0.35,0.0035,0.945945946,2.39,0.359223301,NA,0.0098,0.0038,0.32,0.0032,0.842105263,2.24,0.387755102,NA,NA,NA,NA,NA,NA,NA,NA,0.00335,0.00375,NA,NA,0.373489202,0.023922446,0.894025605,-0.048650043,0,0,0,0,0,0.0114,0.035322446,0.0078,0.043122446,-1.365296613,0.22082276,1.00E-04,0.0077,0,0.819119722,0.180880278,0.002318978,0.1785613,0.086961672
Blue2-2,Blue,18,4x,366,L,Neotetraploid,NA,0.0044,0.0023,0.15,0.0015,0.652173913,1.53,NA,NA,0.0025,0.0012,0.11,0.0011,0.916666667,1.63,NA,NA,NA,NA,NA,NA,NA,NA,NA,0.0013,0.00175,NA,NA,NA,0.021963688,0.78442029,-0.105451181,1,0,0,0,1,0.0065,0.028463688,0.0032,0.031663688,-1.499438502,0.112423942,1.00E-04,0.0031,0,0.898937862,0.101062138,0.003158192,0.097903946,0.055268357
Cheney2-2018,Cheney,31,4x,741,C,Neotetraploid,34.7,0.0345,0.0093,1.46,0.0146,1.569892473,4.9,0.269565217,37.9,0.0452,0.0138,1.95,0.0195,1.413043478,5.61,0.305309735,NA,NA,NA,NA,NA,NA,NA,NA,0.01705,0.01155,36.3,1.559906625,0.287437476,0.015597196,1.491467976,0.173613933,1,0,0,1,2,0.0452,0.060797196,0.0604,0.121197196,-0.916507428,0.99346687,0.0418,0.0186,0,0.501638635,0.498361365,0.344892468,0.153468897,0.095299234
CheneyA-2018,Cheney,7,4x,423,C,Neotetraploid,36.8,0.0609,0.0171,2.05,0.0205,1.198830409,5.62,0.280788177,38.4,0.0625,0.0175,2.03,0.0203,1.16,5.67,0.28,NA,NA,NA,NA,NA,NA,NA,NA,0.0204,0.0173,37.6,1.575187845,0.280394089,NA,1.179415205,0.071666722,0,0,0,0,0,NA,NA,0.0292,NA,NA,NA,1.00E-04,0.0291,0,NA,NA,NA,NA,NA
CheneyA-2018,Cheney,8,4x,424,C,Neotetraploid,NA,0.0464,0.0184,2.08,0.0208,1.130434783,6.12,0.396551724,45.5,0.0583,0.0188,2.3,0.023,1.223404255,6.36,0.322469983,NA,NA,NA,NA,NA,NA,NA,NA,0.0219,0.0186,45.5,1.658011397,0.359510854,NA,1.176919519,0.070746766,1,1,1,1,4,0.087,0.087,0.0328,0.1198,-0.921543182,0.377011494,1.00E-04,0.0327,0,0.726210351,0.273789649,0.000834725,0.272954925,0.155258765
CheneyA-2018,Cheney,5,4x,421,C,Neotetraploid,39.7,0.0882,0.0225,2.53,0.0253,1.124444444,6.52,0.255102041,41.1,0.0931,0.0254,3.08,0.0308,1.212598425,7.31,0.272824919,NA,NA,NA,NA,NA,NA,NA,NA,0.02805,0.02395,40.4,1.606381365,0.26396348,NA,1.168521435,0.067636683,0,1,0,0,1,0.0545,0.0545,0.0314,0.0859,-1.066006836,0.576146789,0.0061,0.0253,0,0.634458673,0.365541327,0.071012806,0.294528522,0.278812573
Cheney3-2018,Cheney,1,4x,409,C,Neotetraploid,37.3,0.0758,0.0241,2.88,0.0288,1.195020747,7.06,0.317941953,48.3,0.0855,0.0318,3.04,0.0304,0.955974843,7.28,0.371929825,NA,NA,NA,NA,NA,NA,NA,NA,0.0296,0.02795,42.8,1.631443769,0.344935889,NA,1.075497795,0.031609524,0,0,0,0,0,0.1165,0.1165,0.1206,0.2371,-0.625068446,1.035193133,0.0621,0.0585,0,0.491353859,0.508646141,0.261914804,0.246731337,0.11788275
Cheney3-2018,Cheney,3,4x,411,C,Neotetraploid,44,0.1329,0.0394,3.78,0.0378,0.959390863,8.13,0.296463506,43.9,0.1011,0.0311,3.09,0.0309,0.993569132,7.34,0.307616222,NA,NA,NA,NA,NA,NA,NA,NA,0.03435,0.03525,43.95,1.642958879,0.302039864,NA,0.976479998,-0.010336648,1,1,1,1,4,0.1135,0.1135,0.1808,0.2943,-0.531209738,1.592951542,0.1221,0.0587,0,0.38566089,0.61433911,0.414882773,0.199456337,0.119775739
Cheney2-2018,Cheney,6,4x,398,C,Neotetraploid,54.3,0.0685,0.0276,2.39,0.0239,0.865942029,6.58,0.402919708,48.5,0.0784,0.0303,2.73,0.0273,0.900990099,6.96,0.386479592,NA,NA,NA,NA,NA,NA,NA,NA,0.0256,0.02895,51.4,1.710963119,0.39469965,NA,0.883466064,-0.053810128,0,1,0,0,1,0.1443,0.1443,0.1301,0.2744,-0.561615893,0.901593902,0.0697,0.0604,0,0.525874636,0.474125364,0.254008746,0.220116618,0.105502915
CheneyA-2018,Cheney,31,4x,750,C,Neotetraploid,53.3,0.1481,0.0615,4.67,0.0467,0.759349593,8.98,0.415259959,48.2,0.1698,0.0636,5.18,0.0518,0.814465409,9.34,0.374558304,NA,NA,NA,NA,NA,NA,NA,NA,0.04925,0.06255,50.75,1.705436047,0.394909132,NA,0.786907501,-0.104076315,0,1,0,0,1,0.1575,0.1575,0.0818,0.2393,-0.621057301,0.519365079,0.0223,0.0595,0,0.658169662,0.341830338,0.093188466,0.248641872,0.26138738
Cheney3-2018,Cheney,11,4x,419,H,Neotetraploid,36.7,0.2266,0.0515,6.45,0.0645,1.252427184,10.17,0.227272727,36.2,0.2249,0.0538,6.71,0.0671,1.247211896,10.45,0.23921743,34.5,0.2267,0.0526,7.02,0.0702,1.33460076,10.92,0.232024702,0.067266667,0.052633333,35.8,1.553883027,0.232838286,0.023395943,1.278079947,0.106558021,0,0,0,0,0,0.2719,0.295295943,0.1236,0.418895943,-0.377893846,0.41856315,0.0311,0.0925,0,0.704938656,0.295061344,0.074242782,0.220818563,0.125647751
Cheney3-2018,Cheney,12,4x,420,H,Neotetraploid,49.6,0.166,0.0446,5.17,0.0517,1.159192825,9.32,0.268674699,48.7,0.1867,0.0478,6.1,0.061,1.276150628,10.21,0.25602571,48.8,0.1671,0.044,5.76,0.0576,1.309090909,9.95,0.26331538,0.056766667,0.045466667,49.03333333,1.690491418,0.26267193,0.007289449,1.248144787,0.096264967,0,0,0,1,1,0.7297,0.736989449,0.2563,0.993289449,-0.002924178,0.347766173,0.0925,0.1638,0,0.741968466,0.258031534,0.09312492,0.164906614,0.045773835
CheneyA-2018,Cheney,14,4x,430,H,Neotetraploid,52.7,0.2335,0.0634,7.18,0.0718,1.132492114,10.94,0.271520343,45.2,0.206,0.0503,6.03,0.0603,1.198807157,9.98,0.244174757,NA,NA,0.0632,7.74,0.0774,1.224683544,11.23,NA,0.069833333,0.058966667,48.95,1.689752696,0.25784755,0.025290031,1.185327605,0.073838399,1,1,1,1,4,0.2187,0.243990031,0.1021,0.346090031,-0.46081091,0.41845972,0.0243,0.0778,0,0.704990058,0.295009942,0.070212944,0.224796998,0.170379559
Cheney4-2018,Cheney,15,2x-G,143,H,Neotetraploid,39.4,0.0897,0.029,3.22,0.0322,1.110344828,7.51,NA,35.7,0.1274,0.0422,4.79,0.0479,1.13507109,9.23,NA,NA,NA,0.0348,3.9,0.039,1.120689655,8,NA,0.0397,0.035333333,37.55,1.574609941,NA,0.028407067,1.122035191,0.050006478,0,1,0,0,1,0.4215,0.449907067,0.0735,0.523407067,-0.281160418,0.163367072,0.0207,0.0528,0,0.859573925,0.140426075,0.039548568,0.100877507,0.067506412
Cheney3-2018,Cheney,9,4x,417,H,Neotetraploid,42.6,0.2047,0.0513,5.78,0.0578,1.126705653,9.97,0.25061065,40.7,0.2619,0.0712,7.76,0.0776,1.08988764,11.33,0.271859488,38.6,0.2669,0.0723,7.61,0.0761,1.052558783,11.59,0.270887973,0.0705,0.064933333,40.63333333,1.608882451,0.264452704,0.017046115,1.089717359,0.037313869,0,0,0,0,0,0.4757,0.492746115,0.1598,0.652546115,-0.185388792,0.324304942,0.0441,0.1157,0,0.755113093,0.244886907,0.067581431,0.177305477,0.099507654
Cheney3-2018,Cheney,32,4x,773,H,Neotetraploid,42.2,0.1931,0.0523,5.39,0.0539,1.030592734,9.77,0.270844122,47.7,0.2775,0.0749,7.39,0.0739,0.986648865,11.35,0.26990991,NA,NA,NA,9.12,0.0912,NA,12.63,NA,0.073,0.0636,44.95,1.652729696,0.270377016,NA,1.0086208,0.00372792,0,1,0,0,1,0.5897,0.5897,0.1644,0.7541,-0.122571059,0.278785823,0.0416,0.1228,0,0.781991778,0.218008222,0.055165097,0.162843124,0.084338947
CheneyA-2018,Cheney,21,4x,425,L,Neotetraploid,27.1,0.0144,0.0035,0.63,0.0063,1.8,3.11,0.243055556,33.6,0.0185,0.0055,0.83,0.0083,1.509090909,3.56,0.297297297,30.7,0.0184,0.0049,0.78,0.0078,1.591836735,3.44,0.266304348,0.007466667,0.004633333,30.46666667,1.483824941,0.268885734,0.007033473,1.633642548,0.213157036,1,1,0,1,3,0.0183,0.025333473,0.0164,0.041733473,-1.379515472,0.647364852,0.0059,0.0105,0,0.607030069,0.392969931,0.141373329,0.251596602,0.111021985
Cheney2-2018,Cheney,22,4x,402,L,Neotetraploid,25.3,0.0098,0.0022,0.35,0.0035,1.590909091,2.3,0.224489796,25,0.0102,0.0026,0.39,0.0039,1.5,2.54,0.254901961,NA,NA,NA,NA,NA,NA,NA,NA,0.0037,0.0024,NA,NA,0.239695879,0.010950312,1.545454546,0.189056236,0,1,0,0,1,0.0084,0.019350312,0.0082,0.027550312,-1.559873479,0.423765777,6.00E-04,0.0076,0,0.702362717,0.297637283,0.021778338,0.275858945,0.087113351
Cheney2-2018,Cheney,21,4x,401,L,Neotetraploid,43.1,0.0211,0.0077,0.9,0.009,1.168831169,3.8,0.36492891,41.4,0.027,0.0078,1.03,0.0103,1.320512821,4.18,0.288888889,41.9,0.0204,0.0064,0.82,0.0082,1.28125,3.76,0.31372549,0.009166667,0.0073,42.13333333,1.624625819,0.32251443,0.023545542,1.256864663,0.099288516,1,1,1,1,4,0.0192,0.042745542,0.0448,0.087545542,-1.057765964,1.048062509,0.0219,0.0229,0,0.488266347,0.511733653,0.250155513,0.26157814,0.083385171
Cheney3-2018,Cheney,19,4x,415,L,Neotetraploid,33.5,0.037,0.0123,1.38,0.0138,1.12195122,4.77,0.332432432,36.4,0.0286,0.0079,0.99,0.0099,1.253164557,4.01,0.276223776,NA,NA,NA,NA,NA,NA,NA,NA,0.01185,0.0101,34.95,1.54344718,0.304328104,0.015891395,1.187557889,0.074654789,0,0,0,0,0,0.0264,0.042291395,0.0208,0.063091395,-1.20002987,0.491825819,0.0041,0.0167,0,0.670319542,0.329680458,0.06498509,0.264695368,0.160085222
Cheney3-2018,Cheney,18,4x,414,L,Neotetraploid,33.9,0.0164,0.0053,0.56,0.0056,1.056603774,3,0.323170732,36.9,0.0192,0.0065,0.69,0.0069,1.061538462,3.32,0.338541667,NA,NA,NA,NA,NA,NA,NA,NA,0.00625,0.0059,35.4,1.549003262,0.3308562,0.012499497,1.059071118,0.024925125,0,1,0,0,1,0.015,0.027499497,0.0068,0.034299497,-1.464712249,0.24727725,0.001,0.0058,0,0.801746364,0.198253636,0.029154946,0.16909869,0.172014184
Cheney4-2018,Cheney,24,2x-G,140,L,Neotetraploid,43.1,0.0371,0.0145,1.44,0.0144,0.993103448,5.01,0.39083558,41.5,0.0386,0.0138,1.44,0.0144,1.043478261,4.81,0.357512953,NA,NA,NA,NA,NA,NA,NA,NA,0.0144,0.01415,42.3,1.626340367,0.374174267,0.017726893,1.018290855,0.007871844,0,0,0,0,0,0.0636,0.081326893,0.0635,0.144826893,-0.839150786,0.780799532,0.0302,0.0333,0,0.56154552,0.43845448,0.208524808,0.229929672,0.097702849
CheneyA-2018,Cheney,22,4x,426,L,Neotetraploid,38.1,0.0426,0.0146,1.44,0.0144,0.98630137,4.91,0.342723005,35.3,0.0407,0.0128,1.34,0.0134,1.046875,4.62,0.314496314,NA,NA,NA,NA,NA,NA,NA,NA,0.0139,0.0137,36.7,1.564666064,0.32860966,0.031528558,1.016588185,0.007145058,1,1,0,1,3,0.0307,0.062228558,0.0223,0.084528558,-1.07299654,0.358356368,0.0052,0.0171,0,0.736183835,0.263816165,0.061517671,0.202298494,0.162075402
Cheney3-2018,Cheney,17,4x,413,L,Neotetraploid,34.7,0.0279,0.0097,0.93,0.0093,0.958762887,3.8,0.347670251,36.7,0.0241,0.0102,0.83,0.0083,0.81372549,3.59,0.423236515,NA,NA,NA,NA,NA,NA,NA,NA,0.0088,0.00995,35.7,1.552668216,0.385453383,0.026615343,0.886244189,-0.052446599,1,1,0,0,2,0.0294,0.056015343,0.022,0.078015343,-1.107819978,0.392749536,0.0116,0.0104,0,0.718004188,0.281995812,0.148688701,0.133307111,0.127539015
KB2-8,Palouse,31,4x,742,C,Neotetraploid,NA,NA,NA,NA,NA,NA,NA,NA,NA,NA,NA,NA,NA,NA,NA,NA,NA,NA,NA,NA,NA,NA,NA,NA,NA,NA,NA,NA,NA,NA,NA,NA,0,1,0,0,1,NA,NA,NA,NA,NA,NA,NA,NA,0,NA,NA,NA,NA,NA
KB2-8,Palouse,4,4x,436,C,Neotetraploid,NA,NA,NA,NA,NA,NA,NA,NA,NA,NA,NA,NA,NA,NA,NA,NA,NA,NA,NA,NA,NA,NA,NA,NA,NA,NA,NA,NA,NA,NA,NA,NA,0,0,0,0,0,0.2558,0.2558,0.0943,0.3501,-0.455807889,0.368647381,0.0442,0.0501,0,0.730648386,0.269351614,0.126249643,0.143101971,NA
KB2-8,Palouse,2,4x,434,C,Neotetraploid,50.6,0.1119,0.0365,3.34,0.0334,0.915068493,7.59,0.326184093,49.3,0.1122,0.036,3.34,0.0334,0.927777778,7.57,0.320855615,51.1,0.1337,0.0432,3.7,0.037,0.856481481,8.16,0.323111444,0.0346,0.038566667,50.33333333,1.701855693,0.323383717,0.040724703,0.899775917,-0.045865635,1,1,1,1,4,0.0947,0.135424703,0.1146,0.250024703,-0.60201708,0.846226704,0.0388,0.0758,0,0.541645291,0.458354709,0.155184666,0.303170043,0.154251426
KB2-8,Palouse,1,4x,433,C,Neotetraploid,54.8,0.1436,0.0469,3.78,0.0378,0.805970149,8.11,0.326601671,44.6,0.1628,0.0484,4.58,0.0458,0.946280992,9.04,0.297297297,NA,NA,NA,NA,NA,NA,NA,NA,0.0418,0.04765,49.7,1.696356389,0.311949484,NA,0.876125571,-0.057433644,0,0,0,0,0,0.218,0.218,0.1127,0.3307,-0.480565805,0.516972477,0.0524,0.0603,0,0.659207741,0.340792259,0.158451769,0.18234049,0.144088298
KB2-8,Palouse,3,4x,435,C,Neotetraploid,52.9,0.1188,0.041,3.2,0.032,0.780487805,7.54,0.345117845,49.7,0.1193,0.039,3.31,0.0331,0.848717949,7.57,0.326906957,NA,NA,NA,NA,NA,NA,NA,NA,0.03255,0.04,51.3,1.710117365,0.336012401,NA,0.814602877,-0.08905406,0,0,0,0,0,0.1906,0.1906,0.1139,0.3045,-0.516412703,0.597586569,0.0646,0.0493,0,0.625944171,0.374055829,0.212151067,0.161904762,0.13136289
KB2-8,Palouse,32,4x,770,H,Neotetraploid,55.7,0.2596,0.0684,7.29,0.0729,1.065789474,11.53,0.26348228,53.8,0.2325,0.0551,6.1,0.061,1.10707804,10.53,0.236989247,NA,NA,0.065,7.88,0.0788,1.212307692,11.82,NA,0.0709,0.062833333,54.75,1.738384124,0.250235764,0.007289988,1.128391735,0.052459896,1,1,1,1,4,0.4457,0.452989988,0.1249,0.577889988,-0.23815483,0.275723533,0.0373,0.0876,0,0.783868898,0.216131102,0.064545157,0.151585945,0.108728883
KB2-8,Palouse,9,4x,441,H,Neotetraploid,36.4,0.1857,0.04,4.81,0.0481,1.2025,8.82,0.215401185,41.8,0.1623,0.035,3.91,0.0391,1.117142857,8.12,0.215650031,45.3,0.2016,0.0469,4.94,0.0494,1.053304904,9.08,0.232638889,0.045533333,0.040633333,41.16666667,1.614545703,0.221230035,0.02201642,1.12431592,0.05088836,1,1,0,1,3,0.3618,0.38381642,0.063,0.44681642,-0.349870875,0.164140971,0.0081,0.0549,0,0.859002496,0.140997504,0.018128251,0.122869254,0.090939659
KB2-8,Palouse,11,4x,443,H,Neotetraploid,64.6,0.2996,0.0699,7.85,0.0785,1.123032904,11.82,0.233311081,62.6,0.2529,0.0663,6.56,0.0656,0.989441931,10.75,0.262158956,NA,0.3255,0.0864,8.02,0.0802,0.928240741,11.71,0.265437788,0.074766667,0.0742,63.6,1.816903839,0.253635942,0.022778932,1.013571859,0.005854544,0,0,0,0,0,0.6315,0.654278932,0.1431,0.797378932,-0.098335243,0.218714058,0.0336,0.1095,0,0.820537019,0.179462981,0.042138058,0.137324922,0.093054879
KB2-8,Palouse,10,4x,442,H,Neotetraploid,56.5,0.2969,0.0811,7.66,0.0766,0.944512947,12.25,0.273155945,53.9,0.3242,0.0835,8.3,0.083,0.994011976,12.5,0.257557064,54.1,0.3486,0.0901,8.92,0.0892,0.990011099,12.14,0.258462421,0.082933333,0.0849,54.83333333,1.739044648,0.263058477,0.021813353,0.976178674,-0.010470684,0,1,0,0,1,0.8549,0.876713353,0.2234,1.100113353,0.041437436,0.254815327,0.0536,0.1698,0,0.796930017,0.203069983,0.048722252,0.154347731,0.077173866
KB2-8,Palouse,12,4x,444,H,Neotetraploid,62.2,0.2619,0.0689,6.52,0.0652,0.946298984,10.75,0.263077511,61.9,0.3086,0.0847,8.07,0.0807,0.952774498,11.8,0.274465327,61.5,0.2749,0.0774,7.3,0.073,0.943152455,11.45,0.28155693,0.072966667,0.077,61.86666667,1.791456717,0.273033256,0.038748871,0.947408646,-0.023462656,0,0,0,0,0,0.5165,0.555248871,0.1352,0.690448871,-0.160868476,0.243494417,0.0349,0.1003,0,0.804185356,0.195814644,0.050546828,0.145267817,0.111521654
KB2-8,Palouse,20,4x,440,L,Neotetraploid,48.5,0.0242,0.0081,0.79,0.0079,0.975308642,3.52,0.334710744,NA,0.0167,0.0063,0.69,0.0069,1.095238095,3.37,0.377245509,NA,NA,NA,NA,NA,NA,NA,NA,0.0074,0.0072,48.5,1.685741739,0.355978127,0.009458339,1.035273369,0.015055043,0,1,0,0,1,0.0124,0.021858339,0.0079,0.029758339,-1.526391313,0.36141813,1.00E-04,0.0078,0,0.734528194,0.265471806,0.003360403,0.262111403,0.241948988
KB2-8,Palouse,17,4x,437,L,Neotetraploid,45.2,0.0522,0.017,1.58,0.0158,0.929411765,5.09,0.325670498,41.5,0.0405,0.0124,1.26,0.0126,1.016129032,4.6,0.30617284,NA,NA,NA,NA,NA,NA,NA,NA,0.0142,0.0147,43.35,1.636989102,0.315921669,0.011508665,0.972770399,-0.011989653,0,1,0,0,1,0.0499,0.061408665,0.0407,0.102108665,-0.990937402,0.662772916,0.0215,0.0192,0,0.601405033,0.398594967,0.210559995,0.188034972,0.143964276
KB2-8,Palouse,19,4x,439,L,Neotetraploid,48.7,0.0461,0.0144,1.27,0.0127,0.881944444,4.66,0.312364425,51.9,0.0338,0.0099,1.01,0.0101,1.02020202,4.05,0.292899408,NA,NA,NA,NA,NA,NA,NA,NA,0.0114,0.01215,50.3,1.701567985,0.302631917,0.024610029,0.951073232,-0.021786041,1,0,0,0,1,0.0297,0.054310029,0.0291,0.083410029,-1.078781728,0.53581264,0.0109,0.0182,0,0.65112109,0.34887891,0.130679729,0.218199181,0.145665937
KB2-8,Palouse,18,4x,438,L,Neotetraploid,43.2,0.0249,0.0078,0.75,0.0075,0.961538462,3.55,0.313253012,47.3,0.0288,0.0101,0.87,0.0087,0.861386139,3.84,0.350694444,NA,NA,NA,NA,NA,NA,NA,NA,0.0081,0.00895,45.25,1.655618584,0.331973728,0.012319727,0.911462301,-0.040261289,0,0,0,0,0,0.0244,0.036719727,0.0219,0.058619727,-1.231956208,0.596409663,1.00E-04,0.0218,0,0.62640563,0.37359437,0.00170591,0.37188846,0.152678978
Santa8-2018,Santa,31,4x,749,C,Neotetraploid,34.2,0.0707,0.0171,2.44,0.0244,1.426900585,6.29,0.241867044,36.9,0.0731,0.0184,2.4,0.024,1.304347826,6.36,0.251709986,NA,NA,NA,NA,NA,NA,NA,NA,0.0242,0.01775,35.55,1.550839605,0.246788515,NA,1.365624206,0.135331206,0,0,0,0,0,0.0414,0.0414,0.0122,0.0536,-1.27083521,0.29468599,0.0017,0.0105,0,0.77238806,0.22761194,0.031716418,0.195895522,0.331156716
Santa8-2018,Santa,6,4x,470,C,Neotetraploid,44.2,0.0562,0.0152,1.86,0.0186,1.223684211,5.44,0.270462633,48.3,0.0819,0.0225,2.8,0.028,1.244444444,6.73,0.274725275,NA,NA,NA,NA,NA,NA,NA,NA,0.0233,0.01885,46.25,1.665111737,0.272593954,NA,1.234064328,0.091337799,0,0,0,0,0,0.0815,0.0815,0.0272,0.1087,-0.963770456,0.333742331,0.0086,0.0186,0,0.749770009,0.250229991,0.079116835,0.171113155,0.173413063
Santa8-2018,Santa,31,4x,745,C,Neotetraploid,43.8,0.0835,0.0233,2.95,0.0295,1.266094421,7.03,0.279041916,39.5,0.0923,0.0276,3.21,0.0321,1.163043478,7.31,0.299024919,NA,NA,NA,NA,NA,NA,NA,NA,0.0308,0.02545,41.65,1.619615006,0.289033418,NA,1.21456895,0.084422174,0,0,0,0,0,0.0891,0.0891,0.0143,0.1034,-0.985479461,0.160493827,0.0021,0.0122,0,0.861702128,0.138297872,0.020309478,0.117988395,0.246131528
Santa8-2018,Santa,8,4x,472,C,Neotetraploid,47.3,0.0382,0.0115,1.42,0.0142,1.234782609,4.81,0.30104712,47.5,0.0503,0.0168,1.73,0.0173,1.029761905,5.29,0.333996024,NA,NA,NA,NA,NA,NA,NA,NA,0.01575,0.01415,47.4,1.675778342,0.317521572,NA,1.132272257,0.053950866,1,1,1,1,4,0.0502,0.0502,0.0257,0.0759,-1.119758224,0.511952191,0.003,0.0227,0,0.661396574,0.338603426,0.039525692,0.299077734,0.186429513
Santa5-2018,Santa,2,4x,458,C,Neotetraploid,41.8,0.0537,0.0195,2.15,0.0215,1.102564103,6.06,0.363128492,45.4,0.0593,0.0207,2.4,0.024,1.15942029,6.32,0.349072513,45.1,0.0592,0.0202,2.28,0.0228,1.128712871,6.17,0.341216216,0.022766667,0.020133333,44.1,1.644438589,0.351139074,0.026277806,1.130232421,0.053167761,0,0,0,0,0,0.2322,0.258477806,0.1655,0.423977806,-0.372656877,0.640287081,0.0437,0.1218,0,0.609649379,0.390350621,0.103071433,0.287279188,0.047486762
Santa8-2018,Santa,7,4x,471,C,Neotetraploid,40.7,0.0682,0.0191,2.06,0.0206,1.078534031,5.88,0.280058651,41.8,0.0872,0.0253,2.51,0.0251,0.992094862,6.59,0.290137615,42.6,0.086,0.0241,2.5,0.025,1.037344398,6.57,0.280232558,0.023566667,0.022833333,41.7,1.620136055,0.283476275,0.039265182,1.035991097,0.015356023,1,1,1,1,4,0.0564,0.095665182,0.0306,0.126265182,-0.898716391,0.319865591,0.0108,0.0198,0,0.757652905,0.242347095,0.085534269,0.156812826,0.180836337
Santa5-2018,Santa,11,4x,467,H,Neotetraploid,NA,NA,NA,NA,NA,NA,NA,NA,NA,NA,NA,NA,NA,NA,NA,NA,NA,NA,NA,NA,NA,NA,NA,NA,NA,NA,NA,NA,NA,NA,NA,NA,0,0,0,0,0,1.0023,1.0023,0.4181,1.4204,0.152410664,0.417140577,0.1353,0.2828,0,0.705646297,0.294353703,0.095254858,0.199098845,NA
Santa8-2018,Santa,15,4x,479,H,Neotetraploid,49.4,0.2165,0.0559,6.28,0.0628,1.123434705,11.17,0.258198614,49.7,0.1087,0.0283,3.98,0.0398,1.406360424,8.81,0.260349586,NA,0.1912,0.0465,5.29,0.0529,1.137634409,10.21,0.243200837,0.051833333,0.043566667,49.55,1.695043659,0.253916346,0.023310508,1.222476513,0.087240524,0,0,0,0,0,0.549,0.572310508,0.1972,0.769510508,-0.113785445,0.344568197,0.0914,0.1058,0,0.743733194,0.256266806,0.118776806,0.13749,0.056616078
Santa15-2018,Santa,32,4x,777,H,Neotetraploid,47.7,0.2558,0.0653,7.5,0.075,1.148545176,11.33,0.255277561,51.9,0.2417,0.0622,6.91,0.0691,1.110932476,11,0.257343815,NA,NA,0.0631,7.95,0.0795,1.259904913,11.69,NA,0.074533333,0.063533333,49.8,1.697229343,0.256310688,0.035168974,1.173127522,0.069345224,0,1,1,0,2,0.5049,0.540068974,0.1336,0.673668974,-0.171553454,0.24737581,0.02,0.1136,0,0.801683015,0.198316985,0.029688171,0.168628814,0.094309424
Santa5-2018,Santa,32,4x,762,H,Neotetraploid,40.7,0.1881,0.0461,5.03,0.0503,1.091106291,9.4,0.245082403,42.9,0.2577,0.0633,6.79,0.0679,1.072669826,10.8,0.245634459,NA,NA,NA,NA,NA,NA,NA,NA,0.0591,0.0547,41.8,1.621176282,0.245358431,NA,1.081888059,0.034182327,0,0,0,0,0,0.4563,0.4563,0.0825,0.5388,-0.268572413,0.180802104,0.0266,0.0559,0,0.84688196,0.15311804,0.049368968,0.103749072,0.101521901
Santa5-2018,Santa,18,4x,462,L,Neotetraploid,NA,0.0065,0.001,0.25,0.0025,2.5,2.3,NA,NA,NA,NA,NA,NA,NA,NA,NA,NA,NA,NA,NA,NA,NA,NA,NA,0.0025,0.001,NA,NA,NA,NA,NA,NA,0,0,1,1,2,0.0088,0.0088,0.003,0.0118,-1.928117993,0.340909091,1.00E-04,0.0029,0,0.745762712,0.254237288,0.008474576,0.245762712,0.084745763
Santa8-2018,Santa,21,4x,473,L,Neotetraploid,33.8,0.0194,0.0053,0.9,0.009,1.698113208,3.92,0.273195876,36.9,0.0135,0.0032,0.6,0.006,1.875,3.25,0.237037037,NA,NA,0.0043,0.64,0.0064,1.488372093,3.3,NA,0.007133333,0.004266667,35.35,1.548389418,0.255116457,NA,1.687161767,0.227156725,1,1,1,1,4,0.016,0.016,0.0221,0.0381,-1.419075024,1.38125,0.006,0.0161,0,0.419947507,0.580052493,0.157480315,NA,0.11198601
Santa16-2018,Santa,21,2x-G,113,L,Neotetraploid,39.5,0.0243,0.0073,0.98,0.0098,1.342465753,4.08,0.300411523,38.9,0.0239,0.007,0.97,0.0097,1.385714286,3.92,0.292887029,39.4,0.0274,0.0081,1.05,0.0105,1.296296296,4.24,0.295620438,0.01,0.007466667,39.26666667,1.594024036,0.29630633,0.01946569,1.341492112,0.127588123,0,1,1,0,2,0.0281,0.04756569,0.0471,0.09466569,-1.023807395,0.99020954,0.0234,0.0237,0,0.502459656,0.497540344,0.247185649,0.250354696,0.078874057
Santa8-2018,Santa,23,4x,475,L,Neotetraploid,39.1,0.019,0.0067,0.81,0.0081,1.208955224,3.66,0.352631579,34.5,0.0162,0.0053,0.76,0.0076,1.433962264,3.57,0.327160494,NA,NA,NA,NA,NA,NA,NA,NA,0.00785,0.006,36.8,1.565847819,0.339896037,0.027051976,1.321458744,0.121053609,1,1,1,1,4,0.0492,0.076251976,0.032,0.108251976,-0.965564167,0.419661256,0.0186,0.0134,0,0.704393387,0.295606613,0.171821344,0.123785269,0.05542624
Santa5-2018,Santa,19,4x,463,L,Neotetraploid,40.1,0.0391,0.0142,1.52,0.0152,1.070422535,5.17,0.363171355,39.1,0.0388,0.0113,1.54,0.0154,1.362831858,5.26,0.291237113,NA,NA,NA,NA,NA,NA,NA,NA,0.0153,0.01275,39.6,1.597695186,0.327204234,0.02949987,1.216627197,0.085157521,0,1,0,0,1,0.0555,0.08499987,0.0195,0.10449987,-0.98088425,0.229412116,0.0091,0.0104,0,0.813396897,0.186603103,0.087081448,0.099521655,0.122009721
Santa9-2018,Santa,22,2x-G,66,L,Neotetraploid,33.8,0.0381,0.0135,1.55,0.0155,1.148148148,5.27,0.354330709,41.1,0.0394,0.0129,1.58,0.0158,1.224806202,5.17,0.327411168,NA,NA,NA,NA,NA,NA,NA,NA,0.01565,0.0132,37.45,1.573451822,0.340870939,0.022958471,1.186477175,0.074259388,0,1,0,0,1,0.0669,0.089858471,0.0533,0.143158471,-0.844182949,0.593154985,0.0259,0.0274,0,0.627685322,0.372314678,0.180918389,0.191396288,0.092205511
Santa8-2018,Santa,24,4x,476,L,Neotetraploid,32.5,0.043,0.0167,1.81,0.0181,1.083832335,5.87,0.388372093,35.5,0.0459,0.0145,1.84,0.0184,1.268965517,5.63,0.315904139,NA,NA,NA,NA,NA,NA,NA,NA,0.01825,0.0156,34,1.531478917,0.352138116,0.015147454,1.176398926,0.070554619,1,0,1,0,2,0.0735,0.088647454,0.0421,0.130747454,-0.883566759,0.474914937,0.0138,0.0283,0,0.678005202,0.321994798,0.105546988,0.216447809,0.119313987